문장,여성/가족,남성,성소수자,인종/국적,연령,지역,종교,기타혐오,악플/욕설,clean,개인지칭,분쟁유발
....한국적인 미인의 대표적인 분...너무나 곱고아름다운모습...그모습뒤의 슬픔을 미처 알지못했네요ㅠ,0,0,0,0,0,0,0,0,0,1,0,0
"1,2화 어설펐는데 3,4화 지나서부터는 갈수록 너무 재밌던데",0,0,0,0,0,0,0,0,0,1,0,0
1. 사람 얼굴 손톱으로 긁은것은 인격살해이고2. 동영상이 몰카냐? 메걸리안들 생각이 없노,1,0,0,0,0,0,0,0,0,0,0,0
10+8 진짜 이승기랑 비교된다,0,0,0,0,0,0,0,0,1,0,0,0
"100년안에 남녀간 성전쟁 한번 크게 치룬 후 일부다처제, 여성의 정치참여 금지, 여성 투표권 삭제가 세계의 공통문화로 자리잡을듯. 암탉이 너무 울어댐.",1,0,0,0,0,0,0,0,0,0,0,0
10년뒤 윤서인은 분명히 재평가될것임. 말하나하나가 틀린게없음,0,0,0,0,0,0,0,0,0,0,0,1
10년만에 재미를 느끼는 프로였는데왜 니들때문에 폐지를해야되냐,0,0,0,0,0,0,0,0,0,1,0,0
10년차방탄팬인데 우리방탄처럼 성공은못하겠지만 일단 방탄의 부하가되고싶다는거니 이름기억은해둠ㅇㅇ,0,0,0,0,0,0,0,0,0,0,0,1
10살 차이가 넘을텐데 부부라고? 무슨 내용인지 긍금하네..,0,0,0,0,0,0,0,0,0,0,0,1
13살 차이면 요즘 세상에 놀랄일도 아니네요,0,0,0,0,0,0,0,0,0,1,0,0
1400억 뜯기고 얼마나 억울 했을꼬 뒤질만큼 아플만 하지~~~~ㅋㅋㅋㅋ,0,0,0,0,0,0,0,0,0,0,0,1
15년생인 울아들은 유모차 안타는데,0,0,0,0,0,0,0,0,0,0,0,1
15살차이면 어릴때사고쳤으면 딸벌인데 ㅋㅋ 능력좋네 전현무 여자들이 전현무스타일이 좋은가봐,0,0,0,0,0,0,0,0,0,0,0,1
17년도 아니고 27년이면 진짜 너무했다 이것이 사랑만으로 가능할수 있는지 도저히 납득이 가질 않는다,0,0,0,0,0,0,0,0,0,0,0,1
180이하 호빗 한남들은 결혼 하지마셈 ㅋ 돈없으면 연애도 하지마셈 ㅋ 니들 호빗 유전자 받아서 고통받을 네 후손은 뭔죄임?,0,1,0,0,0,0,0,0,0,0,0,0
18키로감량을해야박수쳐주지 그냥 먹고싶은거다먹고디비져자고하면 18키로는그냥쪄,0,0,0,0,0,0,0,0,0,0,0,1
1959년 자유당 시절에 하버드 로스쿨에 입학하셨다가 할리우드로 진출하셨어요? 대단하신 분이셨군요.,0,0,0,0,0,0,0,0,0,0,0,1
1년연예 ㅋㅋ 2년봅니다....,0,0,0,0,0,0,0,0,0,0,0,1
1박2일 재미없고 이제 부도덕한것만 생각나요. 폐지하세요 학부모입장에서폐지비랍니다,0,0,0,0,0,0,0,0,1,0,0,0
1보다 재미없어요 진짜 보다 나올뻔,0,0,0,0,0,0,0,0,1,0,0,0
1부는 눈 썩는 거 같아서 2부만 봤다 졸라 웃기더만 ㅋㅋ,0,0,0,0,0,0,0,0,1,0,0,0
1억도 안아깝다 ☝️☝️☝️☝️☝️☝️☝️,0,0,0,0,0,0,0,0,0,1,0,0
1일1식은 난 못하겠네 흐흐 한상진씨 연기잘함,0,0,0,0,0,0,0,0,0,1,0,0
2%로도 안되는 시청율 ㅎㅎ 연기도 못하더만 이거 때문에 북을 못가? ㅎㅎ,0,0,0,0,0,0,0,0,1,0,0,0
"2,30대 골빈여자들은 이 기사에 다 모이는건가ㅋㅋㅋㅋ 이래서 여자는 투표권 주면 안된다. 엠넷사전투표나 하고 살아야지 계집들은",1,0,0,0,0,0,0,0,0,0,0,0
2006년 포도밭그사나이에서 흰가운입은 연구원 정소영봐라~!!솔까 대한민국 여배우중에 최고로 이쁘고 단아했다~!!! 급식충들은 멋도모르고 윤아 아이유 떠들겠지만..,0,0,0,0,0,0,0,0,0,1,0,0
"200억대 쳐바르고 홍보를 그렇게나했는데 시청률 5.0%가 자랑이라고 올렸냐... 그리고, 남녀 주인공이 비주얼이 너무 심각하고 남녀주연들 사극 말투가 더빙한것마냥 성우스러워서 시청률이 그 모양 그 꼴이잖아...",0,0,0,0,0,0,0,0,1,0,0,0
2014년 카톡은 안지우고 지끔까지 갖고 있었다는게 놀랍다~수집하니~지땜에 장씨 날벼락~,0,0,0,0,0,0,0,0,0,0,0,1
2018년 마마 진정한 승자 화사,0,0,0,0,0,0,0,0,0,1,0,0
2020년이 올거같냐 영배야ㅋㅋㅋㅋㅋㅋㅋㅋㅋ,0,0,0,0,0,0,0,0,0,0,1,0
206000달러 중 겨우 계약금 수준인 34700을 지불안했다면 뭔 사정이 있을거같아 중립기어 박아요,0,0,0,0,0,0,0,0,0,0,0,1
20년연애 너무 멋져요 !! 이제 결혼하셔서 행복한 가정이루시길,0,0,0,0,0,0,0,0,0,1,0,0
20년이 넘었다 부모는 속이 타고 억울하겠지만 이젠 묻어둬야지 그렇다면 억울하게 죽은 사람이 얼마나 많을까? 30년 지난 화성사건은 피해가족들은?그땐 가해자도 되었지만 시간이 지난 오늘은 피해자가 될수있다,0,0,0,0,0,0,0,0,0,0,0,1
20년째 열애중? 너무 길다.,0,0,0,0,0,0,0,0,0,0,0,1
20대 30대 남자 비율보소 ㅋㅋㅋㅋㅋㅋㅋㅋㅋㅋㅋㅋㅋㅋㅋㅋㅋㅋㅋ할짓 드럽게없나봐... 죽자고 덤벼드는거봐ㅠㅠ,0,1,0,0,0,0,0,0,0,0,0,0
20살차?? ㅉㅉ,0,0,0,0,0,0,0,0,0,0,0,1
24살인데 술을먹어 발랑까졋네 고딩때도 먹엇을듯,0,0,0,0,0,0,0,0,1,0,0,0
25년전이면 한참 팔팔할때.. 오달수도 아마 이십대 초반.. 서로 어렸을때 반콩깠던거 같은데..저렇게 따지면 이세상에 성범죄자 아닌인간이 있을까 무섭다,0,0,0,0,0,0,0,0,0,0,0,1
25년전이면오달수도 혈기왕성할때인데 그럴수도 있을듯 그리고 이제와서 25년일을 말하는사람도 참 이해못하겠네 혓재에 충실하고 살지 참,0,0,0,0,0,0,0,0,0,0,0,1
26년 최수종님처럼 한결 같기는 힘들겠지만 서로 양보하고 배려하며 비슷하게만 살아도 싸울일 반으로 줄이고 아내 행복하게 만들어줌,0,0,0,0,0,0,0,0,0,1,0,0
29살까지 온갖 수단 다 동원해서 입대 연기하며 발악하다가 어쩔수없이 끌려가는게 머가 대단하다고 오바질이야 ㅋㅋ,0,0,0,0,0,0,0,0,1,0,0,0
2~30대녀 :(쿵쾅쿵쾅) 꿀꿀꿀!!!!!!,1,0,0,0,0,0,0,0,0,0,0,0
2박2일은 뭐니? 기레기야,0,0,0,0,0,0,0,0,1,0,0,0
2차로 남자집을 왜 가.무조건 남자만 탓 할 일은 아니다.명백히 가려지길...,0,0,0,0,0,0,0,0,0,0,0,1
2천만원짜리 조리원하며고기집 외식하며...참 가지가지 한다ㅋㅋㅋㅋㅋ관심병으로 더아프신거 아닌감??아무튼 건강하다니 다행이네...ㅋㅋㅋ,0,0,0,0,0,0,0,0,1,0,0,0
30넘어서 공익가는 꼴이란ㅋㅋㅋㅋㅋ진짜 모냥빠진다ㅋㅋㅋ,0,0,0,0,0,0,0,0,1,0,0,0
30대 아줌마들 남에 집에 감놔라배놔라 ㅋㅋㅋㅋㅋ,1,0,0,0,0,0,0,0,0,0,0,0
30대 아줌마들;; 고만들 하세요;,1,0,0,0,0,0,0,0,0,0,0,0
30대 여자들은 군대도 안가는데 군대 이야기에 이렇게 관심이 많을까?? 젤 싫어하는 이야기 탑3라면서??,1,0,0,0,0,0,0,0,0,0,0,0
30대 여자비율이 가장높은거보니 고소영이뻐요 하는 이유를 알겠다 ^^ 여자들아 진심으로 한마디 하겠는데 30대 여자는 진심으로 여자로 아예안보여요~^^,1,0,0,0,0,0,0,0,0,0,0,0
30대여자들 한혜진 빙의해서 악플다는거 진짜 안쓰럽고 역겹다 본인인생이나 잘살기를 젊은여자들 질투하지말고,1,0,0,0,0,0,0,0,0,0,0,0
33살이 청년임? 아저씨아님?,0,1,0,0,0,0,0,0,0,0,0,0
38살 되도록 시집못갔으면 뭔가 문제있는 여자 아닌가?? 건모형 그냥 거르세요...상대할 필요도 없어요...,1,0,0,0,0,0,0,0,0,0,0,0
38세48세로 잘못적은거아닌가ㅋㅋㅋㅋ할정도로 동안이네요~~~,0,0,0,0,0,0,0,0,0,1,0,0
3명중에 최종훈이 제일 잘생겼네요♡,0,0,0,0,0,0,0,0,0,1,0,0
3일에 12억원어치 팔만큼 파급력있는 사람입니다. 왜 다들 조롱만 하나요? 잘 알지 못한다면 더더욱 함부로 말하면 안되죠.,0,0,0,0,0,0,0,0,0,1,0,0
40-50대로 가야지..할매를 부르면 우야노,1,0,0,0,0,0,0,0,0,0,0,0
40대 아줌마 지들 자식들은 피씨방에 있고 엄마들은 방탄 동영상 처보고 있다고 생각해봐라 그래놓고 경포대 문재인 아몰랑 지지하고 어후 토나와,1,0,0,0,0,0,0,0,0,0,0,0
40대 아줌마들 댓글비율좀봐....,1,0,0,0,0,0,0,0,0,0,0,0
40대 여자들이 나이값못하고 현빈 멋있다고 하악하악 거리는거 개극혐ㅋㅋㅋㅋ당신들의 튀어나온 뱃살과 흉측한 얼굴을보고 반성하길바람^^;;;,1,0,0,0,0,0,0,0,0,0,0,0
40대 이모라 집중이 안됨... 20살 초반으로좀 캐스팅좀 ㅠㅜㅠㅜ,1,0,0,0,0,0,0,0,0,0,0,0
40대늙은이 32% 돌아이련들...쯧쯧쯧,1,0,0,0,0,0,0,0,0,0,0,0
40살에 폐경에 다리까지 노답이라이 ㅋㅋㅋ,1,0,0,0,0,0,0,0,0,0,0,0
40살여자랑 로맨스 ㅋㅋ별로다,1,0,0,0,0,0,0,0,0,0,0,0
40세 이상 한녀들은 임신도 못하는 사실상 쓸모없는 분리수거 대상,1,0,0,0,0,0,0,0,0,0,0,0
43.1 이라 .. 행복해서 살쪘다는걸 보여주고싶은건가? 아니면 임...신?,0,0,0,0,0,0,0,0,0,0,0,1
45가 정상인가? 애들이 따라할까 무섭다,0,0,0,0,0,0,0,0,1,0,0,0
4년전정준영카톡이 이게 이렇게 큰일이냐?ㅋ 더럽네정말.. 누가봐도 꼬리짜르기구만,0,0,0,0,0,0,0,0,0,0,0,1
4억 장윤정에게는 껌값일텐데 비정한딸,0,0,0,0,0,0,0,0,1,0,0,0
52면 날씬한건데..,0,0,0,0,0,0,0,0,0,1,0,0
52키로 딱 좋앙~~~,0,0,0,0,0,0,0,0,0,1,0,0
52퍼 되는 여자들 강한나 테러하네 ㅋㅋ 그만들 하세요 님들 너무 추해 보임,1,0,0,0,0,0,0,0,0,0,0,0
"60만원으로 무슨 5억 피해입은 마냥 폭로하는 놈도 그렇고, 60만원을 안 갚고 쌩깠던 매니저 놈도 그렇고.. 참 안습이다.. 인간들 요즘 왜 그런지 참 ㅉㅉ... 신상털기, 먼지털기가 인생 낙인갑다..",0,0,0,0,0,0,0,0,0,0,0,1
68%의 아줌마들아. 니들 자식들한테 고운말 하라고 가르치냐? 니들 댓글 모음이나 자식들 보여줘라,1,0,0,0,0,0,0,0,0,0,0,0
6명이서 그깟 20년 한거가지고 참 ㅋㅋㅋㅋㅋㅋㅋㅋ강필주는 혼자 20년 기다리고 참아왔다..,0,0,0,0,0,0,0,0,0,0,0,1
6명전부 별론데 그나마 저중에 문희준이 제일 인기많았고 돈 많이 벌었고,0,0,0,0,0,0,0,0,1,0,0,0
75% 여성비율 30대 37% ㅎㄷㄷ 능력있는 한국남성분들 국제결혼이 답입니다. 일본여자 노려보세요,1,0,0,0,0,0,0,0,0,0,0,0
82년생김지영이는 못나오나보네 ㅋㅋㅋㅋ,1,0,0,0,0,0,0,0,0,0,0,0
82키로 김지영 왜보냐...? 저런 쓰레기 영화 안봄 ㅋ,1,0,0,0,0,0,0,0,0,0,0,0
9살 딸이 지금까지 본 주말 드라마 중에 제일 재미없어!!하고 끄고 양치하고 잠.. 새나라의 어린이로 만들어주는 드리마.. 최수종배우님 죄송ㅜㅜ,0,0,0,0,0,0,0,0,1,0,0,0
? 대세배우 ?,0,0,0,0,0,0,0,0,1,0,0,0
B급 가수.. 가수라 하기도 애매하다,0,0,0,0,0,0,0,0,1,0,0,0
Edm 천재 박명.수,0,0,0,0,0,0,0,0,0,1,0,0
Ft아일랜드 이홍기 원맨쇼지 ㅋㅋㅋ 나머지 멤버 무쓸모,0,0,0,0,0,0,0,0,1,0,0,0
HOT 팬들은 사람죽일 정도로 극성이였다든데,0,0,0,0,0,0,0,0,0,0,0,1
JTBC 는 좌빨 방송인데. 이래서 여자들이 문재앙 좋아하나?,1,0,0,0,0,0,0,0,0,0,0,0
JTBC 드라마는 기대가 하나도 안됨. 본적도 없어. TVN에서 만들면 모를까,0,0,0,0,0,0,0,0,1,0,0,0
JYP에서 연습생 한 3년은 해라,0,0,0,0,0,0,0,0,1,0,0,0
KBS 주말극은 한번씩 꿀잼 노잼 하는것 같다 황금빛 보다가 이건 못보겠다 연기들이 너무 발연기다,0,0,0,0,0,0,0,0,1,0,0,0
KBS에서 이영자한테 대상준게 이해안됨 안녕하세요 시창률도 그닥인데 차라리 이동국을 주지 왜!,0,0,0,0,0,0,0,0,0,0,0,1
Mbc 주말 드라마 다시했으면 ㅠㅠ,0,0,0,0,0,0,0,0,0,1,0,0
Metoo운동은 무슨 얼어죽을... 마녀사냥이지...youtoo운동으로 대항해야함,0,0,0,0,0,0,0,0,0,0,0,1
No no japan!!! 필요없다,0,0,0,1,0,0,0,0,0,0,0,0
OOO 조개갖고 개ㅈㄹ하는 태콩이나 개촐싹대는조샌징들이나 ㅈㄴ웃김ㅋㅋㅋ,0,0,0,1,0,0,0,0,0,0,0,0
OOO들 모임이네. 뉴스에1분도 못나오는 뒷방3류아나라 잃을것도업시 친문좌파 방송국설립하려고 아나퇴사하고 개쌉친아나들. 와꾸만 번지르하고 속은맘충들과동급. 소신지키고 아나로서 소명을다한 배현진이 새삼 이쁘다,0,0,0,0,0,0,0,0,0,0,0,1
OOO옆에는 OOO들이침흘리면서 있다는걸 모르는뇬들이 있네..무조건 남자혐오증 걸리지말고연예인. 인기인이라면 빤쯔흘리는뇬들이 얼마나 많은지 모르나...,1,0,0,0,0,0,0,0,0,0,0,0
OOO이라서 그런지 울때 표정이 안찡그려지는듯,0,0,0,0,0,0,0,0,1,0,0,0
SBS뉴스는 연예가중계냐? 연예인 아니면 기사 쓸거 없어?,0,0,0,0,0,0,0,0,1,0,0,0
TV조선이 띄어줬는데 당연줘야한다고보고 희트곡하나없는데 아무리 그래도행사비를이렇게많이 받다니 이런다 훅갑니다,0,0,0,0,0,0,0,0,1,0,0,0
X1의 인기나 인지도는.. 워너원의 1/20도 안될것같습니다..멤버들이.. 매력이 없어요..,0,0,0,0,0,0,0,0,1,0,0,0
Xx같은 한국 x 같은법 이라는 승리놈하고 클럽 뭐 어쩌고 관련잇던애 아니엇나? 그런데 얼쩡거리고 드나들던애들 연예계 방송가에서 퇴출하지? 여자연예인들이 인물이 그리도 없어? 내가 추천 좀해주까?,0,0,0,0,0,0,0,1,0,0,0,0
YG 제국 부활하자 빅뱅 컴백해서 방탄 밟자!,0,0,0,0,0,0,0,0,0,0,0,1
YG올해 아이콘 빅뱅 위너 블핑 대박나니까 블핑 빌보드뜨는날 몰아서 ㅈㄹ들이네..그래도 잘나가~~~,0,0,0,0,0,0,0,0,1,0,0,0
Yg가 망하면 안되는이유 걸그룹 독보적 원톱 블랙핑크 때문이라도 흥해야함,0,0,0,0,0,0,0,0,0,0,0,1
Yg쉐키들 꼴보기도 싫다 이제 그만 나와라 뉴스,0,0,0,0,0,0,0,0,1,0,0,0
aoa가 걸그룹으로 가치고 있음? ㅋㅋㅋ요즘 아이돌은 20살만 넘어도 늙은거임 ㅋㅋㅋ 아이즈원 장원영 안유진 ITZY 유나같은애들 봐라 17살이니까 존나쩔지 ㅋㅋㅋ여자는 무조건 어린게 최고임,0,0,0,0,0,0,0,0,1,0,0,0
b.c급들 기사 쓰지말자,0,0,0,0,0,0,0,0,1,0,0,0
bts 이제 한개씩터지는구나,0,0,0,0,0,0,0,1,0,0,0,0
dna가 좋아서 기대했는데 페이크러브 정말 실망.. 좋다는 사람들 방탄팬이라는 입장 떠나서 만일 신인그룹이 같은 노래 불렀다 쳐도 과연 좋다고 할 수있나?? 뮤비는 오글거리고..,0,0,0,0,0,0,0,0,1,0,0,0
jtbc가 밀어주는건 일단 의심부터 해야함,0,0,0,0,0,0,0,1,0,0,0,0
life*니같은 개돼지가있어서 개한민국이 엉망진창인거야.주제를알아야지.일베충만큼 개돼지인 문베충 나라 문화 방송말아먹는 쓰레기들,0,0,0,0,0,0,0,0,1,0,0,0
mbc 요즘 일반인들 섭외 ㅈㄴ하네ㅋㅋㅋㅋㅋㅋㅋㅋㅋㅋㅋㅋㅋㅋㅋㅋㅋㅋㅋㅋㅋㅋ한심,0,0,0,0,0,0,0,0,1,0,0,0
mc 몽은 욕하면서 약쟁이는 칭찬하냐? 반칙으로 딴 메달이 무슨 정당성이 있다고. 에휴.. 개.돼지들.,0,0,0,0,0,0,0,0,0,0,0,1
oecd여성들중에 가장 의욕없고 꿀빨러에 핑계대기 일상인 한국 여자들이 전세계도 아니고 oecd 선진국 여자들에 비비면서 임금문제 거론하는게 가장 어이없다,1,0,0,0,0,0,0,0,0,0,0,0
sun2**** 무슨 천명훈을 말도 없이하차 시켜요 천명훈 까리는거 방송에 나왔습니다,0,0,0,0,0,0,0,0,0,0,1,0
tv조선서 키워줬더니 ㅋ,0,0,0,0,0,0,0,0,1,0,0,0
ubd 안마 제이튠 주식 먹튀 ㅆㄹㄱ,0,0,0,0,0,0,0,0,1,0,0,0
~내나이 쉰네살인데 순간순간 옛기억이 떠오를때 부끄러워 나혼자 몸이 오그라들때가 있는데 ~공배우님도 그런 느낌 아닌까요~,0,0,0,0,0,0,0,0,0,1,0,0
~한ㅅ희 나오고 나서 전혀 독특해 보이지 않음 그리고 설리가 잘못한것도 없고ㅡㅡ,0,0,0,0,0,0,0,0,0,0,0,1
‘그’ 성별 72% 산이를 향한 피의 쉴드 오지네. ㄷㄷ,0,1,0,0,0,0,0,0,0,0,0,0
‘노무현’하지 않은게 다행이네요,0,0,0,0,0,0,0,1,0,0,0,0
● 꼰대들 특징: 나 때는 말이야~ 누가 뭐라고 괴롭히든 다 참고 버티고 다녔어~ 그만한 일로 그러냐ㅉㅉ 약해빠져가지구 ㅉㅉ 원래 사회 생활이 그래~~,0,0,0,0,1,0,0,0,0,0,0,0
●그러고보면 홍상수 김민희는 진짜 예쁜사랑 하는거였구나●,0,0,0,0,0,0,0,0,0,0,0,1
★속보★!!!! ㅈ됐다~~!!!! 국민가수 조용필도 빨갱이다~~ 마!! 조용필이 저거 고향이 으데고?? 전라도 아이라 카이??,0,0,0,0,0,1,0,0,0,0,0,0
"★정용화 오빠가 죄인이면 김연아, 박지성도 죄인이다. 오빠 군대 잘 다녀오세요",0,0,0,0,0,0,0,0,0,0,0,1
"♥기사에서 윤총경, 승리 다 전라도 동향으로 서로 술먹고, 골프하고 승리외 운영술집 영업정지외 계속 봐주고 . 태어나지 말고 분리되어야할 절라도♥",0,0,0,0,0,1,0,0,0,0,0,0
♨ 그래도 반성 한거 같은데 그냥 넘어가든가 ..,0,0,0,0,0,0,0,0,0,0,0,1
♨ 시즌2 원하는 사람 아무도 없다.,0,0,0,0,0,0,0,0,1,0,0,0
ㄱㅣ사 쓸게 없구나 이딴게 기사에 나오고 봐야하다니...,0,0,0,0,0,0,0,0,1,0,0,0
ㄴ와 약쟁이 ^^,0,0,0,0,0,0,0,0,1,0,0,0
ㄹㅇ 관종....,0,0,0,0,0,0,0,0,1,0,0,0
ㅁㅊ 약쟁이 슬슬 기어나오시구요~,0,0,0,0,0,0,0,0,1,0,0,0
ㅅㅂ 더럽게 메갈어로 제목뽑는거 봐라,1,0,0,0,0,0,0,0,0,0,0,0
ㅅㅂ 모르고저런거지 알고 저랬겠냐 꼰대 새키들 드럽게 말많네 ㅋㅋㅋ,0,0,0,0,1,0,0,0,0,0,0,0
ㅅㅅ 한게 자랑? ㅈㅅ로 그것도,0,0,0,0,0,0,0,0,1,0,0,0
ㅅ궁합이 안맞았나보다ㅠ,0,0,0,0,0,0,0,0,0,0,0,1
ㅆㄹㄱ와 같은 한남들 말 무시하셔요^~~^우리 팜므파탈 나래씨^~^♡♡,0,1,0,0,0,0,0,0,0,0,0,0
ㅇㄴ 씨뱅 마약한것도 성추행한것도 아닌데 무안줫다고 존ㄴ 지ㄹㅏㄹ하네ㅋㅋㅋㅋㅋㅋㅋ 여자연예인이 감히 생글거리지 않았다고 기사 헤드라인까지 비꼬기시전,1,0,0,0,0,0,0,0,0,0,0,0
ㅇㅅㅇ 여자들은 싫어합니다,1,0,0,0,0,0,0,0,0,0,0,0
ㅇㅇ아프던 말던 뭔상관 비호감인건 변함없노ㅋㅋ,0,0,0,0,0,0,0,0,1,0,0,0
ㅇㅏ직 폐지 안했나.,0,0,0,0,0,0,0,0,1,0,0,0
ㅇㅣ아즘마는 조용히 살고 싶다면서 왜 자꾸 기어나와? 돈도 많이벌었다고 예능에서 깝치더만.진심 관종임?,0,0,0,0,0,0,0,0,1,0,0,0
ㅇ정보부에서 조사하나봐요 .. 승리 곧 자살하겠네 아니..경찰이 질소넣고 자살했다고 하겠네..,0,0,0,0,0,0,0,0,0,0,0,1
ㅈ 라인이 너무 이쁘다,0,0,0,0,0,0,0,0,0,1,0,0
ㅈㄴ 작위적인느낌,0,0,0,0,0,0,0,0,1,0,0,0
ㅈㄹ병들 사기를치던 절도를하던 깜방서 있어봐라 하루라도 빨리 나오고 싶은게 인간에 본성이다죄는미워하고 사람은 똑같다,0,0,0,0,0,0,0,0,1,0,0,0
ㅈㄹ염병..ㅋㅋ재산이 1조인데 천억안내고 머리굴리다가 꼬시고 오지다,0,0,0,0,0,0,0,0,1,0,0,0
ㅈㄹ옘병하고있네...프로그램 끝나면 끝나버리는 연애따위...이젠 안믿는다...ㅋㅋㅋㅋㅋ,0,0,0,0,0,0,0,0,1,0,0,0
ㅉㅉ 아빠 없이 무슨.... 친가 뿌리와 족보는 제대로 알려주고 키울지 걱정이구먼,0,0,0,0,0,0,0,0,1,0,0,0
ㅉㅉ 하여간 지가망하면 남탓하고보는 한국사람들은 이래서 안돼 한국은 평생후진국이다대표적인 예로 문재앙,0,1,0,0,0,0,0,0,0,0,0,0
ㅊㅈ만나고나서 많이 바뀌긴했짘ㅋㅋㅋㅋㅋ,0,0,0,0,0,0,0,0,1,0,0,0
ㅋㅋ 더럽다 진짜 ㅋㅋ,0,0,0,0,0,0,0,0,1,0,0,0
ㅋㅋ 문재앙 이제 하다하다 박명수 한테도 욕먹네 ㅋㅋㅋ,0,0,0,0,0,0,0,1,0,0,0,0
ㅋㅋ 시로마 미루 안된거 부터 ㅆ 주작이었다,0,0,0,0,0,0,0,0,1,0,0,0
ㅋㅋ 시선강x 싫다는 언냐들 왜 설리는 싫어하냐 ;; ㅋㅋㅋㅋㅋㅋㅋㅋㅋㅋㅋ,1,0,0,0,0,0,0,0,0,0,0,0
ㅋㅋ 역시 1화 방영후 말들이 많네 참고로 미스터션샤인도 1화 나오고 재미없다느니 이해가 안간다느니 말이 많았는데ㅋㅋㅋ 적어도 4회분량 까진 보고 말하자,0,0,0,0,0,0,0,0,0,1,0,0
ㅋㅋ 이형 한번에 두명 먹었네 ㅋㅋ같이좀먹자,0,0,0,0,0,0,0,0,1,0,0,0
ㅋㅋ 작가 소설과 연기자들 연기에 놀아나는꼴이 개꿀쟁이네,0,0,0,0,0,0,0,0,1,0,0,0
ㅋㅋ 첫 열애 기사 떴을 때 베뎃 전부 다 단톡방 내용이었는데 글쓴 애들 쫄리겠네ㅋㅋ 제발 선처 해주지 않았으면 좋겠다,0,0,0,0,0,0,0,0,0,1,0,0
ㅋㅋㅋ 14키로 뺄게 아니라.. 0하나 더 붙여서 140키로 빼야 하지 않음?? 보통 저런 몸은 임신도 힘들고..임신해도..차이가 없어 모르던데..출산까지 ㅋㅋㅋ 암튼 행복하게 잘 서시길~~~,0,0,0,0,0,0,0,0,1,0,0,0
ㅋㅋㅋ 41살에20살이랑결혼한다데니 김새론영입하누 영계킬러ㅋㅋㅋ 사촌형 ㅇㅈㄹㅋㅋ후전드냐ㅋㅋ,0,0,0,0,0,0,0,0,1,0,0,0
ㅋㅋㅋ 가정적인 모습 보여주려고 애쓴다 애써사람 그렇게 쉽게 안변한다ㅋㅋㅋ쇼인도 부부 많던데~연기자부부니 알아서들 연기는 잘 할 듯~?,0,0,0,0,0,0,0,0,1,0,0,0
ㅋㅋㅋ 강다니엘 빠순이들 많네~ 뭔가있었겠지.있었으니까 저난리피웠겠지.맹목적으로만 쳐보질말고 실체를봐라.쉴드칠게 따로있는거야 빠순이들아,1,0,0,0,0,0,0,0,0,0,0,0
ㅋㅋㅋ 그냥 빼도 못생긴건 여전한데 뭐라는거야 자기들끼리 훈훈거려 ㅌㅋㅋ,0,0,0,0,0,0,0,0,1,0,0,0
ㅋㅋㅋ 드라마 ㅆ노잼.좀비들 퀄리티 무엇?ㅋㅋㅋ 다신안본다.,0,0,0,0,0,0,0,0,1,0,0,0
ㅋㅋㅋ 생각이라는 걸 하고 산다면...ㅋㅋㅋㅋ,0,0,0,0,0,0,0,0,1,0,0,0
ㅋㅋㅋ 저런것도 정신병임. 정신과상담받으세요,0,0,0,0,0,0,0,0,1,0,0,0
ㅋㅋㅋ 젝키 계약한 yg 같은 꼴인가? 과연 합류 이후에 결말이 어떨지 궁금하네,0,0,0,0,0,0,0,0,0,0,0,1
ㅋㅋㅋ 츄 ㅋㅋㅋ 짠내투어에서 봤다 ㅋㅋㅋㅋㅋ 정말 해맑드라 ㅋㅋㅋㅋㅋㅋㅋㅋ,0,0,0,0,0,0,0,0,0,1,0,0
ㅋㅋㅋ 한국에서 더러운 불체자 태국넘들 개많은데 그 쉐리들도 일단 깜방보내자ㅋㅋㅋ,0,0,0,1,0,0,0,0,0,0,0,0
ㅋㅋㅋㅋ 여자들 또 우르르 몰려와서 여자까지 시작하네 ㅋㅋㅋ 진짜 과학은 틀리지 않는다,1,0,0,0,0,0,0,0,0,0,0,0
ㅋㅋㅋㅋ 축구랑 타이밍 겹쳐서 네이버 1위먹네 ㅋㅋㅋ댓글은 축구랑 백배차이인데,0,0,0,0,0,0,0,0,0,0,0,1
ㅋㅋㅋㅋㅅㆍㅂ머야 결혼도안하고 그염병하며 티비나왔던거? 결혼안하고 헤어졋으면 대박코미디엇네ㅋㅋ,0,0,0,0,0,0,0,0,1,0,0,0
ㅋㅋㅋㅋㅋ 개그맨 하셔도 되겠습니다 올해 들은 개그중 최고로 웃겼습니다,0,0,0,0,0,0,0,0,0,1,0,0
ㅋㅋㅋㅋㅋ 티비조선 천사네 ㅋㅋ 50퍼센트 가져가도 되는데 25퍼센트면 혜자지,0,0,0,0,0,0,0,0,0,0,0,1
"ㅋㅋㅋㅋㅋ 현아 니는 섹시한거 진짜 싫다며? 근데 맨날 하는건 섹시한 옷, 표정, 춤!",0,0,0,0,0,0,0,0,1,0,0,0
ㅋㅋㅋㅋㅋㅋ 욕하는분들 평생 욕 안해보고 사신분?별게 다 불편해~~~~,0,0,0,0,0,0,0,0,0,0,0,1
ㅋㅋㅋㅋㅋㅋㅋㅋ ㅋㅋㅋㅋㅋㅋㅋ 사기꾼 자식이었어 ㅋㅋㅋㅋㅋ,0,0,0,0,0,0,0,0,1,0,0,0
ㅋㅋㅋㅋㅋㅋㅋㅋ 그 대통령은 느긋하게 휴가나 즐기고 있네 ㅋㅋ,0,0,0,0,0,0,0,1,0,0,0,0
"ㅋㅋㅋㅋㅋㅋㅋㅋㅋㅋㅋ 앞으로 여차하면 한서희를 정신병자로 만들수도 있다는 말로 들린다... 더러븐 yg,,, 제발 상장폐지 되기를...",0,0,0,0,0,0,0,0,1,0,0,0
ㅋㅋㅋㅋㅋㅋㅋㅋㅋㅋㅋㅋㅋㅋㅋㅋ열폭들 한다고 난리났다 진짴ㅋㅋㅋㅋㅋㅋㅋㅋㅋㅋㅋㅋㅋㅋㅋㅋㅋㅋㅋㅋㅋㅋㅋㅋㅋㅋㅋㅋㅋ,0,0,0,0,0,0,0,0,1,0,0,0
ㅋㅋㅋㅋㅋㅋㅋㅋ정말 다 짱,0,0,0,0,0,0,0,0,0,1,0,0
ㅋㅋㅋㅋㅋㅋㅋ남욕하기전에 늬들 집구석이랑 인성부터 뒤돌아보고 댓글써라 아 그리고 전신거울도ㅇㅇ,0,0,0,0,0,0,0,0,1,0,0,0
ㅋㅋㅋㅋㅋㅋㅋ애초에 여자들이 왜욕하는데? 성상품화때문아님? 저 기사 댓글에 한남새 기들 성희롱 오지는데 그딴 스 레기짓만 안해도 성상품화한다고 욕먹지 않음 한남들 지들 때문에 욕먹는건 모르고 좋다고 성희롱 오지네,0,1,0,0,0,0,0,0,0,0,0,0
ㅋㅋㅋㅋ게이인줄 ㅋㅋㅋ옷이랑 화장좀봨ㅋㅋㅋㅋ,0,0,1,0,0,0,0,0,0,0,0,0
ㅋㅋㅋㅋ당당하게가 아니라 막나가는거지,0,0,0,0,0,0,0,0,1,0,0,0
ㅋㅋㅋㅋ또 신고하겟다는 기사올라오겟네 ㅋㅋㅋㅋㅋ법적대응한다고 ㅋㅋㅋㅋ,0,0,0,0,0,0,0,0,1,0,0,0
ㅋㅋㅋㅋ아니 뭐 그럼 딸이랑 인연 끊고 살리?ㅋㅋㅋ 김치녀들 진짜 별거 가지고 다 욕하네 ㅋㅋㅋ 세계원정성매매1위 김치녀,1,0,0,0,0,0,0,0,0,0,0,0
ㅋㅋㅋㅋ재미로 사람인생을 조지려 햇다는거내.... ㅋㅋㅋ법이 이따구로 벌금 맥이고 끝내니깐 재미로 저러지....남의 인생 조지려 햇던 저분들 인생 조져 주새요....,0,0,0,0,0,0,0,0,0,1,0,0
"ㅋㅋㅋㅋ차예련이 딱히 악플 먹을 연예인이 아닌데 난 도 뭐라고,,차예련이 잘 못 했 네 글타고 사과할 건더기는 아니고 그냥 이해하고 넘기자. 아줌마는 건들면 안돼요. 근데 그냥 좀 웃긴다.",0,0,0,0,0,0,0,0,0,0,1,0
ㅋㅋㅋㅋ차유람 세뇌당해서 예수쟁이됨 ㅋㅋㅋㅋㅋㅋㅋㅋㅋ,0,0,0,0,0,0,1,0,0,0,0,0
ㅋㅋㅋ돈떨어졌냐??? 뭐만하면 기어들어와 ㅉㅉ 연기하다가 또 니상황 ㅈ됐다싶으면 그냥 또 토낄려고???이순재 배우가 너 그딴식으로 해서 싫어하는거야. 이쁜척은 졸라 해대면서 책임감 없는년,0,0,0,0,0,0,0,0,1,0,0,0
ㅋㅋㅋ드라마 단막극 정도? 그냥 이승기 보러갔다~,0,0,0,0,0,0,0,0,0,0,0,1
ㅋㅋㅋ복면가왕 레전드 여자가왕은 소향이지,0,0,0,0,0,0,0,0,0,0,0,1
ㅋㅋㅋ연예인들 이미지 관리 시작했네 ㅋㅋㅋ,0,0,0,0,0,0,0,0,1,0,0,0
ㅋㅋㅋ원래 돈많고 능력잇으면 여자 여럿 끼고 사는거야 ㅋㅋㅋ 근데 웃기는건 니들같은 쿵쾅이들은 거기도 못낌 ㅋㅋㅋㅋㅋ,1,0,0,0,0,0,0,0,0,0,0,0
ㅋㅋㅋ원래도 이쁜이레 ㅋㅋㅋ 쿵쾅이들아 니네는 원래도 빻앗고 살빼도 빻앗어 ㅋㅋㅋㅋ,1,0,0,0,0,0,0,0,0,0,0,0
ㅋㅋㅋ짜고치는거 다 아는데 질투는 무슨ㅋㅋㅋㅋㅋ,0,0,0,0,0,0,0,0,1,0,0,0
ㅋㅋ댓글로 사재기 햇다는 님들아 확증 없이 떠뜰지좀 마라어디까지나 당신들 심증일 뿐 이잖아...ㅋㅋ,0,0,0,0,0,0,0,0,0,1,0,0
ㅋㅋ웃긴뇬이네.호텔방까지 따라간뇬이,1,0,0,0,0,0,0,0,0,0,0,0
ㅋㅋ잼잇어요 ㅋㅋㅋ,0,0,0,0,0,0,0,0,0,1,0,0
ㅋ넘재미져 힐링된다,0,0,0,0,0,0,0,0,0,1,0,0
ㅋ전현무가 작업걸었구만.... ㅋ 미안하게 될꺼에요,0,0,0,0,0,0,0,0,0,0,0,1
ㅎ 장태준이 죽인거면 시즌2할 이유없음 적폐급수 = 장태준(최정상 적폐) >>> 송희섭(적폐) > 이엘리야(정의로운 척 하는 적폐) 호구레벨 = 이성민 의원 > 강의원 보좌관 > 한도경(멍청할 정도로 착하기만 한 답답한 호구),0,0,0,0,0,0,0,0,0,0,1,0
ㅎㅎ 다시는 복귀한다 어쩐다 안 하면 좋겠네요 영원히 복귀하지마세요 이중성에 놀랐습니다ㅎ,0,0,0,0,0,0,0,0,1,0,0,0
ㅎㅎ 불쌍히 여기소서 나도 난민 별룬데 너무 들이댄다 윤서인씨도 그만좀 해요 불쌍해보여요,0,0,0,0,0,0,0,0,0,0,1,0
ㅎㅎㅎㅎ 아이고 현석아..... 너 아직도 양아치 근성 못버렸냐? ㅋㅋㅋ,0,0,0,0,0,0,0,0,0,0,1,0
ㅎㅎ문대통령님께서 대책강구를 잘하시고 계시고 중국에게도 지원해주시니 우리 국민들은 안심하고 다닐 수 있네요.,0,0,0,0,0,0,0,0,0,1,0,0
ㅜㅜㅜㅜㅜ노래 짱 잘하는 언니..완전 팬인데 꼭 쾌차해서 다시 무대에서 뵙고싶어요 힘내세요!!,0,0,0,0,0,0,0,0,0,1,0,0
ㅠㅠ 박일성우님이 더빙한 영화를 보며 성장한거나 마찬가지입니다. 목소리 그리울꺼예요.삼가 고인의명복을빕니다.,0,0,0,0,0,0,0,0,0,1,0,0
가로세로 구독자 많네! 보니 구독할정도는 아닌것 같은디.,0,0,0,0,0,0,0,0,1,0,0,0
가만히 있던 스엠 머리채 잡지마 ㅅ1뱔 언플 안해줘서 지금 다들 개빡쳐 있으니깐ㅗㅗ,0,0,0,0,0,0,0,0,1,0,0,0
가만히있어도 dm오는 여자라는 성별과. 연예인임에도 dm보내야 여자만날수있는 성별인 남자.. 명확한 권력관계지. 여자는 편하고 남자만 고생하고. 여성우월주의국가,1,0,0,0,0,0,0,0,0,0,0,0
가면가왕 아직도 하네 ..반갑다 ㄹ,0,0,0,0,0,0,0,0,0,1,0,0
가볍게 생겼자녀.딱봐도.양하치,0,0,0,0,0,0,0,0,1,0,0,0
가부장제 한남은 도태가 답이지,0,1,0,0,0,0,0,0,0,0,0,0
가사노동비 3만원 ㄷㄷ 매일 배달시켜먹어놓고 일당 3만원 오우야,0,0,0,0,0,0,0,0,1,0,0,0
가세연에서 김태호 pd 재산 털고 있는데 해명좀 하시오. mbc월급으로 어떻게 40억 넘는걸 분양 받냐고 가세연이 분석하는데 왜 반응이 없는지??,0,0,0,0,0,0,0,0,1,0,0,0
가수는 대마좀해도되.맨정신에 좋은곡 못나온다,0,0,0,0,0,0,0,0,0,0,0,1
가수은퇴한다고햇다 몇년지나 애5명낳는다고음반내고 콘서트하고 엔터테이먼트회사차리면서 잘사는 사람도잇는데 문희준은 왜못나오냐!!?? 이것저것 뭘따져ㅡ 보기싫으면 안보면돼지~,0,0,0,0,0,0,0,0,0,0,0,1
가슴이 넘 아프네요~연기도 잘하고 정말예쁜배우였는데~~부디 편하게 가소서,0,0,0,0,0,0,0,0,0,1,0,0
가시나들이 무조건 밀어붙이는 사랑해서 한 결혼 이혼으로 가는 지름길,1,0,0,0,0,0,0,0,0,0,0,0
가시나들이 여자 가해자들도 나와야 입을 닥치지 진짜 못봐주겠네,1,0,0,0,0,0,0,0,0,0,0,0
가식 덩어리들. 팬이란 것들도 똑같다,0,0,0,0,0,0,0,0,1,0,0,0
가식떨지 맙시다. 솔직히 만약 당신앞에 마닷같은 남자가 다가온다면 당신은 빤스 안내릴 자신있나요? 진짜 다내립니다. 좋다고 하트날릴땐 언제고 이제와서 비난하는 여자들 진짜 못되보임.,0,0,0,0,0,0,0,0,1,0,0,0
가요무대가 승자네요 최장기간 시청률 보증,0,0,0,0,0,0,0,0,0,1,0,0
가임기 여자들이 다이어트에 집착하는 이유는 임신하지 않았다는 걸 남자에게 알리기 위해서지.임신한 여자를 유혹하는 남자는 없으니까,1,0,0,0,0,0,0,0,0,0,0,0
가장 천박한애가세상을 구한다모티브,1,0,0,0,0,0,0,0,0,0,0,0
가정을 지키고싶으면 요리배우고 살빼야할듯.,1,0,0,0,0,0,0,0,0,0,0,0
가족 ppl,1,0,0,0,0,0,0,0,0,0,0,0
가족들이 다 인물이 없네 ㅉㅉ,0,0,0,0,0,0,0,0,1,0,0,0
가족예능중 최악이다.아들을 재기를 위해 나왔다가 온가족이 연예인병에 걸린것이네.이런 프로그램은 하지말아야한다.,0,0,0,0,0,0,0,0,1,0,0,0
가족으로써 도의적 책임도 없습니까? 전 국민을 실망에 빠트린 피의자 와이프가 나오는 그 드라마 방송을 고집하는 MBC를 보이콧해야 하나요?,0,0,0,0,0,0,0,0,1,0,0,0
가지가지한다. 별거도 아닌걸로 왜그러나몰라.,0,0,0,0,0,0,0,0,0,0,0,1
각시앙 예전에 구설수 풋 여기까지만 할게.,0,0,0,0,0,0,0,0,0,0,0,1
간만에 좀 재밌었다 전회장의 빈자리가 아쉽다 전회장 있을땐 의자앉아서 토크만해도 재밌었는데,0,0,0,0,0,0,0,0,0,0,0,1
간만에 한번보려다 보기힘겨워 채널돌림 왜그래풍상씨 새로하네 수목은 이걸루~,0,0,0,0,0,0,0,0,1,0,0,0
간통죄 폐지다 고로 법적으로 홍상수랑 김민희 사귀는건 아무런 결격사유가 없다...한번 사는인생 사랑하는 사람이랑 사겨야지 자식있다고 의무감으로 부인이랑 살 필요없다고 본다...난 홍상수 이해한다,0,0,0,0,0,0,0,0,0,0,0,1
갈사람은 가는게 이치이죠...삼가고인의명복을빕니다,0,0,0,0,0,0,0,0,0,1,0,0
갈수록 군대복무기간줄이네26개월갓다온거 억울하네 스브얼,0,0,0,0,0,0,0,0,0,0,0,1
갈수록 노잼,0,0,0,0,0,0,0,0,1,0,0,0
갈수록 더하네,0,0,0,0,0,0,0,0,1,0,0,0
"갈수록 듣보들만 자꾸 나오네 섭외력이 떨어졌나? 이럴거면 박근혜, 이명박도 출연시켜서 가왕되라고 해라",0,0,0,0,0,0,0,0,1,0,0,0
갈수록 싸구려가 되가네...,0,0,0,0,0,0,0,0,1,0,0,0
갈수록 재미 없어져,0,0,0,0,0,0,0,0,1,0,0,0
갈수록 호감ㅋ,0,0,0,0,0,0,0,0,0,1,0,0
감당이되냐ㅋㅋ일이천도아니고 현재돈으로 수십억할지도모르는데ㅋㅋㅋ 도끼라해도 변상다못한다ㅋㅋㅋ 그냥 잊혀질때까지기다렸다가 좋은 앨범으로 보답하자!,0,0,0,0,0,0,0,0,0,0,0,1
감량만 한게 아닌거같던데..방송보다 누구지 했는데,0,0,0,0,0,0,0,0,0,0,0,1
감우성 연기 완전 대박 ㅠㅠ초딩 아들들이 울었네요ㅠㅠ최곱니다*!!!!,0,0,0,0,0,0,0,0,0,1,0,0
갑분싸 동정여론 뭐냐 ㅋㅋㅋㅋㅋㅋ 전국민을 기만한 놈인데 죽어도 싸지,0,0,0,0,0,0,0,0,1,0,0,0
갑상선항진증이라 눈튀어나온거 고쳐진거라 하잖아요. 그병이 얼굴고 붓고 그랬을텐데 다 빠진걸테고 .... 눈들어가는 성형도 있소??,0,0,0,0,0,0,0,0,0,1,0,0
갑자기 뇌출혈로 떠나신 아버지 잃은 슬픔에 3년동안 마니 울고 함들어서 저도 이 프로그램 보면서 슬펐어요 .....아 나도 저렇게라도 아버지보고싶어서 ..나연이 어머니 힘내시고 건강하시고 힘내세요 !!!!!,0,0,0,0,0,0,0,0,0,1,0,0
갑질하다가 골로가신 연예인들 많던데 . . .,0,0,0,0,0,0,0,0,1,0,0,0
갓정아는 좀 오글거리는데 ㅋ 연기 잘한다고 갓이면 여기저기 배우들 갓으로 넘쳐나겠네 ㅋ 오바는 하지말자.,0,0,0,0,0,0,0,0,1,0,0,0
"강가ㄴ빛 시후 인생 , 미투운동 동참하고 고해한후 전자발찌 차야 된다",0,0,0,0,0,0,0,0,1,0,0,0
"강가ㄴ빛인생 시후 , 미투고백 해라 , 고해한다음 셀프 전자발찌 차러 가즈아",0,0,0,0,0,0,0,0,1,0,0,0
강간모 자살 안 하는거보니 진짜 억울하긴 한가보네,0,0,0,0,0,0,0,0,0,0,1,0
강경헌 데꾸 나와라~ 연수도 안나오고 살맛이 안난다.,0,0,0,0,0,0,0,0,1,0,0,0
강기영이랑 공효진 좋아하지만...맛녀들 점차 영화나 드라마 홍보게스트로 넘쳐나겠구만...망조다.,0,0,0,0,0,0,0,0,1,0,0,0
강남 챙녀들 망해라앗,1,0,0,0,0,0,0,0,0,0,0,0
강남같은애 만나는거보면 그렇개 좋은사람은 아닌듯 좀실망함...,0,0,0,0,0,0,0,0,0,0,1,0
강남은정글가는목적이 먼지알것같다,0,0,0,0,0,0,0,0,0,0,1,0
강남이 왜 거짓말같지..,0,0,0,0,0,0,0,0,0,0,1,0
강남이니까 일본임에도 불구하고 인정하는거임 이승기 정준영 친구같은 날라리였음 용서 안해,0,0,0,0,0,0,0,0,0,0,1,0
강다니엘 개발리는데;;;,0,0,0,0,0,0,0,0,0,0,0,1
강다니엘 너무 좋아요~명절때 못들었지만 꼭 다시듣고 싶네요,0,0,0,0,0,0,0,0,0,1,0,0
강다니엘 노력한거 잘 안다. 속 시끄러운 얘기 많지만 진심 아는 사람들은 다 알고 있다. 여기서 이런저런 얘기하는 사람들 중 정말 팬인 사람이 얼마나 될까? 어차피 자기일 아니니 쉽게 말하는 것일 뿐이다,0,0,0,0,0,0,0,0,0,1,0,0
강다니엘 팬들 생각해서 초스피드로 달려온 거 잊지않아. 앞으로도 같이 가자❤️,0,0,0,0,0,0,0,0,0,1,0,0
강다니엘 팬들이 억지로 터트린듯..하긴 장나라급은 아이돌뉴스 덮을만한 파급력이 있지,0,0,0,0,0,0,0,0,0,0,0,1
강다니엘군 응원합닏♥️,0,0,0,0,0,0,0,0,0,1,0,0
강다니엘은 좀 ..,0,0,0,0,0,0,0,0,0,0,1,0
강단이 딸이 불쌍하다 딸은 외국에 보내놓고 ㅋㅋ 지는 연애질이라니 ㅋㅋㅋ,0,0,0,0,0,0,0,0,1,0,0,0
강변이 생각보다 훨~~~씬 저질이구나!,0,0,0,0,0,0,0,0,0,0,1,0
강성훈.. 자살할거 같은 기분ㅠ 꼭 건강 잘 추스려서 다시 좋은 모습으로 나오길 응원합니다,0,0,0,0,0,0,0,0,0,1,0,0
강수지가 미쳤지,0,0,0,0,0,0,0,0,0,0,1,0
강은비 팬들 무섭네 증거가져와도 하나경잘못이래 ㄷㄷㄷ,0,0,0,0,0,0,0,0,0,0,1,0
강인은 억울한거지 .마녀사냥하지마라. 그렇게치면 정준영 단톡방에있던 모든 사람들 조사대상이지. 프로그램이나 뭐 단발성으로 만들어진 단톡방들이 한두개겠냐,0,0,0,0,0,0,0,0,0,0,0,1
강인이는 축구만 하는줄 알았더니ㅠ,0,0,0,0,0,0,0,0,0,0,1,0
강지환팬은아니지만 감금되있으면 핸드폰은 쓰게하냐?그리고 남자집엔 왜쳐들어가 술마시냐? 하여간 또 뭐바라고 저러는거지,0,0,0,0,0,0,0,0,0,0,0,1
강철비가 100%라면 신과함께는 85%정도 재밌었다. 이거는 어떠냐,0,0,0,0,0,0,0,0,0,0,0,1
강철비가 잼나던데,0,0,0,0,0,0,0,0,0,1,0,0
"강타 실제로 보면 잘생겼는가보넹,,, 개취지 뭐",0,0,0,0,0,0,0,0,0,0,0,1
강타 지디 영웅재중 탑 방탄 동해 이특 시원 애들만 잘생기고 비쥬얼좋음,0,0,0,0,0,0,0,0,0,0,0,1
강한나가 훨씬 아깝다! 짱께는 잘생겨도 냄새난다!,0,0,0,1,0,0,0,0,0,0,0,0
강한나는 한지민이랑 투샷 안나오는게 좋을듯..한지민 너무 예뻐,0,0,0,0,0,0,0,0,0,0,0,1
강호동 이수근 조합 예능은 뭔가 뻔해,0,0,0,0,0,0,0,0,1,0,0,0
강호동도 이제 실타~!!!!~????,0,0,0,0,0,0,0,0,0,0,1,0
갖고 논거야? 그런거야?,0,0,0,0,0,0,0,0,0,0,0,1
같은 남자지만 내가 다 쪽팔리다,0,1,0,0,0,0,0,0,0,0,0,0
같은 팀원이 좀 보듬어주지~~ 메인싱어가 나가는건 젝키를 좋아하는 팬입장에서 많이 아쉽다.,0,0,0,0,0,0,0,0,0,0,0,1
같은여자로 존나 창피하다먹고 살려고 하는건가,1,0,0,0,0,0,0,0,0,0,0,0
같이 사기고 성희롱 욕은 다 여자가 받고 남자는 여자 사기는게 능력이라고 ㅂㅅ 남자 죽어버려 수지야 힘내,0,1,0,0,0,0,0,0,0,0,0,0
같이 합의해서 원나잇 해놓구서는 나중엔 성폭행 당했다라 주장했던 사례가 어디 한둘입니까? 철저한 검증을 통해서 진위 여부를 가린 다음에 욕해도 늦지 않습니다.,0,0,0,0,0,0,0,0,0,1,0,0
개 ㅂㅅ 괜히 지들이랑 종족 같은애들 욕하니가 괜~~~~ 히 수지 물고 늘어지졍~? ㅋㅋㅋㅋ,0,0,0,0,0,0,0,0,1,0,0,0
개 찌질한 새기 니 잘났다,0,0,0,0,0,0,0,0,1,0,0,0
개oooo새oooo끼가 19살? 장난하는것도아니구. 먹는 음식 가지고 장난좀 하지 말자.,0,0,0,0,0,0,0,0,1,0,0,0
개강두를 주말에도 봐야된다니!!!!!!!!!!!!!!!!!!! 평일에 보는것만 해도 짜증나는데!!!!!!!!!!!!!!!!!!!,0,0,0,0,0,0,0,0,0,0,1,0
개같은 새 끼,0,0,0,0,0,0,0,0,1,0,0,0
개거품 노래도전혀못하고...먼음악에자꾸손을댈까...이름알려진것도 라스덕인데..,0,0,0,0,0,0,0,0,1,0,0,0
개그맨이 몸 만들면 왜 다들 징그럽지,0,0,0,0,0,0,0,0,0,0,0,1
개그쟁이들 가스내들중에는 천이슬이가 가장에쁘다 천이슬이 을매나 이쁘노 가스내스랍고,1,0,0,0,0,0,0,0,0,0,0,0
개그프로에서 마니 활용될것같음! 보여주신 열심과 열정에 박수를 보냅니당~~^^믿고보는 배우로 자리매김 하셔욤~~~^^화이팅,0,0,0,0,0,0,0,0,0,1,0,0
개나소나 국민청원이야,0,0,0,0,0,0,0,1,0,0,0,0
개노잼 빨리 프로그램 내려라,0,0,0,0,0,0,0,0,1,0,0,0
개노잼....철거촌이 주무대배경임...ㅡㅡ 미션임마서블이 훨씬 훠얼씬 재밌더라 이거보고 보니까 눈 개안하는 느낌,0,0,0,0,0,0,0,0,1,0,0,0
개독으로 개종 약속하고 결혼하나?,0,0,0,0,0,0,1,0,0,0,0,0
개돼지 네티즌은 무었이 진실인지는 중요하지 않고 니편 내편이 중요한거지. 음식에 이념을 갖다 붙이고 비판하는 넘들 진짜 한심한 부류들...,0,0,0,0,0,0,0,1,0,0,0,0
개돼지 민국 또 ㅈㄴ 가겠네ㅋㅋㅋ,0,0,0,1,0,0,0,0,0,0,0,0
개돼지집단 개한민족의 실상. 사촌이 땅사면 배아픈 민족이라 앞에선 웃어도 뒤에서 호박씨 까는게 일상임. 소름돋는 개한민족 무섭다.,0,0,0,1,0,0,0,0,0,0,0,0
"개돼지특: 일본기업 유니클로,일본맥주 등등 불매! 하지만 스파이더맨이랑 트와이스는 소비ㅋㅋㅋㅋㅋㅋ",0,0,0,1,0,0,0,0,0,0,0,0
개듣보네 ㅋㅋㅋㅋㅋㅋ남자 뭔 프로게이머같이생겼네,0,0,0,0,0,0,0,0,1,0,0,0
개랑 고양이에 환장한 애들치고 정상인 애들이 없음,0,0,0,0,0,0,0,0,0,0,0,1
개망나니 또 결혼? ㅎㅎ 재앙이다 문재앙,0,0,0,0,0,0,0,1,0,0,0,0
개성이라곤 1도 없는 무매력의 소유자...착해도 남자같이 안느껴짐...돈빼고...,0,0,0,0,0,0,0,0,1,0,0,0
개시러진짜 라디오 재밌다고 듣는놈들이 문제지,0,0,0,0,0,0,0,0,1,0,0,0
개웃김 ㅋㅋㅋㅋㅋㅋㅋㅋ,0,0,0,0,0,0,0,0,0,1,0,0
개인의 취향이겠지만..기대하고 시청했는데..재미가..없네요.,0,0,0,0,0,0,0,0,1,0,0,0
개인적으로 눈물 씬은 윤세리보다 서단이 훨씬 슬펐음,0,0,0,0,0,0,0,0,0,0,0,1
개인정보도용한 그 음원총공팀도 대국민사과해라.그래야공평하지 지들이한건 실수~~래...하여튼 미친..,0,0,0,0,0,0,0,0,1,0,0,0
개존잼임 이거 꼭보세요,0,0,0,0,0,0,0,0,0,1,0,0
개짜증나네 혜진아!!!! 언제부터 혜진아 그렇게 불렀냐 불륜드라마 담주부터 안본다,0,0,0,0,0,0,0,0,1,0,0,0
개쳐늙으면 꼴보기 싫어지는게 사람의 마음이지 얘네야 광고수익으로 번게 많으니 얼굴에 돈들이고 관리하니 금술이 당연히 좋을수밖에 사람이란 다 그런거임 아무리 이쁘고 잘생겼어도 관리안하면 상대쪽에서 싫어하게되어있음,0,0,0,0,0,0,0,0,1,0,0,0
개콘의 장대인데 장도연에 캐릭터묻힌 안나씨ㅠ뜨길바랄게요,0,0,0,0,0,0,0,0,0,1,0,0
개티즌들 또 소설쓴다 그 난리법석 친 김광석 마누라 사건도 무혐의로 끝났구만,0,0,0,0,0,0,0,1,0,0,0,0
개티즌들 마녀사냥 역겹다진짜,0,0,0,0,0,0,0,1,0,0,0,0
개판이네 김준호는 디엔에이에 도박있는듯 차태현도 실망이다. 틀딱들만 보는 프로 폐지해라,0,0,0,0,0,0,0,0,1,0,0,0
개폭망 벌써 차트아웃 1따리 ㅋㅋ,0,0,0,0,0,0,0,0,1,0,0,0
갠적으로 너무 억지스럽고 유치해요...미안합니다..ㅠㅠ,0,0,0,0,0,0,0,0,1,0,0,0
갠적으로 이런 스타일은 싸보인다..... 스카이캐슬의 그런 지적인 스타일이 어울리는듯....이건 술집 여자 같다,0,0,0,0,0,0,0,0,1,0,0,0
걍 가볍게 주말에보기좋당 돈아까울정도는아니였음,0,0,0,0,0,0,0,0,0,1,0,0
걍 조용히 나대지말고 결혼하지..노총각 노처녀가 결혼하는게 뭐 자랑이라고..건모성격에 굉장한 이벤트를 벌인다면 눈요기감은 될런지..쩝,0,0,0,0,0,0,0,0,1,0,0,0
"걍 조용히 사세요. 티비, 인터넷에서 안 봤으면 하네요. 서로 얼굴 붉히지 맙시다!!",0,0,0,0,0,0,0,0,1,0,0,0
걍 조용히 살어 너도 ~ 이제와서 뭔~ 관심받고 싶은가?,0,0,0,0,0,0,0,0,1,0,0,0
걍 폐지해라요즘 무한도전 노잼,0,0,0,0,0,0,0,0,1,0,0,0
걍 하차해 리얼 노잼,0,0,0,0,0,0,0,0,1,0,0,0
거 담배좀적당히 쳐피시라니까~~ 결국갔구먼....,0,0,0,0,0,0,0,0,0,0,0,1
거 예비며느리가 빚 청산해주구 시부모한테 이쁨좀 받자 ㅋ,0,0,0,0,0,0,0,0,0,0,0,1
"거거, 남자가 사업하다보면 접대도 할수 있는것이지... 비즈니스를 모르시네..",0,0,0,0,0,0,0,0,0,0,0,1
거기서 박씨는 빼라 신혜선이 다 먹여살린거고 박씨는 차려진 밥상에 숟가락 하나만 들고 온 뻔뻔한 도둑OOO인데,0,0,0,0,0,0,0,0,1,0,0,0
거의 대부분의 사람들은 양준일에게 아무 관심이 없다. 어거지로 자꾸 띄워대니깐 이제 거부감이 든다.,0,0,0,0,0,0,0,0,1,0,0,0
거참 노친네 갈때 돼서 가는거 가지고 먼 실검까지 장악하냐?,0,0,0,0,0,0,0,0,1,0,0,0
거참 살다보면 맞을 수도 있지ㅉㅉ요즘 애들은 진짜 맞아본적이 없나보다 뭐 그리 큰일이라고 저 난리냐;;;;별 것도 아니구만,0,0,0,0,0,0,0,0,0,0,0,1
건강하게 다이어트하셔서 더보기좋은듯합니당ㅋ넘이쁘심!! 복면가왕한번더출연하세요~~아무도못맞출듯ㅎ,0,0,0,0,0,0,0,0,0,1,0,0
건나블리 없음 시청의미없다,0,0,0,0,0,0,0,0,0,0,0,1
건모는 일상적 옷과 머리스타일을 해라 ..너무 삐에로.갇은 우수운 컨셉을 하지 말고 ....우수꽝ㅆ런 복장을 귀엽다고 되받는 신부는 의도적같아..조ㅁ.그러네...,0,0,0,0,0,0,0,0,1,0,0,0
건모도 악플때매 힘들 듯.안타깝다 ㅠㅠ,0,0,0,0,0,0,0,0,0,1,0,0
건축학 개론 지금 다시 봤는데 솔직히 건축학 개론 보다는 아닙니다ㅋ 건축학 개론은 건들지 맙시다ㅋ 볼때마다 가슴이 애려 옵니다ㅜㅜ,0,0,0,0,0,0,0,0,0,0,0,1
걸그룹 생명은 끝났고 이제 애낳는거로~~?이제 젖타령까지~~가지가지한다,0,0,0,0,0,0,0,0,1,0,0,0
걸그룹 어설픈애들보다 더 이쁘네 ㄷㄷ,0,0,0,0,0,0,0,0,0,0,0,1
걸래도 이런 걸래는 없다,1,0,0,0,0,0,0,0,0,0,0,0
걸려야 할 메퉤지 년들은 안걸리고;;,1,0,0,0,0,0,0,0,0,0,0,0
걸크러쉬 이딴거 하지마라 82킬로 지영이들만 좋아라하지 정작 그 연예인들한테는 마이너스일뿐이다,1,0,0,0,0,0,0,0,0,0,0,0
검사할때 한방울 슬쩍 떨어뜨리고 마약 나왔다고 하면 누구나 걸리는거 아니냐?,0,0,0,0,0,0,0,0,0,0,0,1
검색어 조작 하지 마라. 지금 코로나 때문에 난리인데 듣도보도 못한 검색어 하여간 이번 정부는 조작 정부,0,0,0,0,0,0,0,1,0,0,0,0
검은 사제들 같은 영화도 5백만 인데.. 이 영화가 천만이 넘는다는게 놀랍다. 유치해서 오글거려 죽는줄 알았는데..,0,0,0,0,0,0,0,0,0,0,0,1
검은머리 외국인 극혐..이나라에서 사라져라,0,0,0,1,0,0,0,0,0,0,0,0
겁나 동안이네 ㄷㄷ,0,0,0,0,0,0,0,0,0,1,0,0
겁나 반전 많아서 난 잼는데. . 많아도 G.랄 ㅡ없어도 G.롤,0,0,0,0,0,0,0,0,1,0,0,0
겁나 이쁘긴하네,0,0,0,0,0,0,0,0,0,1,0,0
겁없는 어린 여자애 하나가 여러명을 보내는구나.서바이벌부터 봐온 비아이는 진심으로 아깝다.정신적으로 미숙했던 사람을마약으로 접근시켰던 저런 사람들이 너무 무섭다.,1,0,0,0,0,0,0,0,0,0,0,0
겉은젊어보여도속은 늘어졋겟지?,0,0,0,0,0,0,0,1,0,0,0,0
게스트나와서 재밌었던적은 서우 한명정도... 박보영조차 재미없더라,0,0,0,0,0,0,0,0,0,0,0,1
게스트별로여도 차태현땜에 볼듯,0,0,0,0,0,0,0,0,0,1,0,0
게이니 seki.....,0,0,0,0,0,0,0,0,1,0,0,0
겨울이라서 불우이웃돕기하는건가?? 다른나라에서 다른일만하다온사람한테 노력이니 고생이니...그냥 방송잘타서 로또된거야 몇일안되서 식어버릴 냄비들이라 두번상처줄것 같은데..ㅎㅎㅎ,0,0,0,0,0,0,0,0,0,0,0,1
견찰... 실명 오픈 조건이 뭐냐? 필로폰 투약이라면서 할리는 홀랑 다까발리더니웃기는 견찰,0,0,0,0,0,0,0,1,0,0,0,0
결국 구걸해서 앨범냈다는 소리네?,0,0,0,0,0,0,0,0,1,0,0,0
결국 남자를 죽게 하는건 뇨쟈들...요즘 여자들 순결 지키고 한 남자 한테올인 하는 여자들 잇는지...원나잇 하는 세상에 ...여자들 니들은 남편 이랑할때 아다라시 엿나 ㅋㅋ,1,0,0,0,0,0,0,0,0,0,0,0
결국 세계가 인정하는 건 일베 나부랭이가 아니라 봉준호 송강호 김연아 방탄소년단. 소위 니들이 말하는 좌파. 자신의 사상이 세계의 기준에 뒤처지고 있다는 걸 좀 깨달아라 ㅉㅉ,0,0,0,0,0,0,0,1,0,0,0,0
결국 승자는 핑클이네..ses 빠돌이들 다 대가리 박아라..ㅋㅋㅋ,0,0,0,0,0,0,0,0,0,0,0,1
결국 유연석도 ㅋㅋㅋㅋ커피프렌즈는 적당한사기에 잘 끝났네,0,0,0,0,0,0,0,0,0,0,1,0
"결국 준영과 다솜은 바람을 피게되고 무인도로 떠난다에 한표 ㅋㅋㅋ 자연인이 되어 ""나는자연인이다""에 출연하게된다",0,0,0,0,0,0,0,0,0,0,0,1
결국 쥬비스 광고글,0,0,0,0,0,0,0,0,1,0,0,0
결국은 주말시간대에 20프로 실패했구나 역시 스브스는 평일시간대에 21프로 돌파한 김사부2가 최고네 김사부2는 초중반에 21프로 돌파중인데ㄷㄷㄷ 김사부2 한석규 대상 확정 ㄷㄷㄷ,0,0,0,0,0,0,0,0,0,0,0,1
결론은 많이 먹어서..예요,0,0,0,0,0,0,0,0,1,0,0,0
결론은 빠순이들이 문제라는거 아냐,1,0,0,0,0,0,0,0,0,0,0,0
결백은 당신에게 안어울림 그냥 자백하고 반성하는 척이라도 해라,0,0,0,0,0,0,0,0,1,0,0,0
"결별관심없고, 그냥 한혜진 왜나오는지 모르겠음 화사가 차라리 백번 착해보이고 궁금함",0,0,0,0,0,0,0,0,0,0,0,1
결헌식 꼭 하고 축하 받으세요,0,0,0,0,0,0,0,0,0,1,0,0
결혼 가즈아~~~♡♡♡겉껍데기(외모+돈)을 좋아하는 사람들이 많은 이 세상에 마음이나 성격을 보고 사람을 선택할 줄 아는 눈을 가진 세아씨가 멋지고 부럽네요.,0,0,0,0,0,0,0,0,0,1,0,0
결혼 많이해서 좋으시겟다,0,0,0,0,0,0,0,0,0,0,0,1
결혼 잘 해서 행복한듯 보기가 좋내요.,0,0,0,0,0,0,0,0,0,1,0,0
결혼 축하합니다~ 행복하세요,0,0,0,0,0,0,0,0,0,1,0,0
결혼까지는 아닌듯연애하다말듯여자가 너무아까운 나이자나,0,0,0,0,0,0,0,0,0,0,0,1
결혼도안하고 뭐하는짓?,0,0,0,0,0,0,0,0,0,0,0,1
결혼사기로 피임안했으니 애생긴거지 아니면 여자가 임신하면 인생망치는데 했겠냐? 그래놓고 애죽이라고 하고 양육비 주기싫어 저런건데 피임을하든지 애가지면 책임져라.,0,0,0,0,0,0,0,1,0,0,0,0
"결혼상대면 송지효보단 홍진영이지 일단, 송지효는 뭐랄까 좀 맞추기 어려워보여 예민해보이고.. 홍진영 행사 영상만 봐도 성격 그대로 나오던데 어른한테 잘하고 같이 있음 지루할 틈이 없을거 같아 몰론 밤에는 말 다한거고 ㅋㅋ",0,0,0,0,0,0,0,0,0,0,0,1
결혼식을 준비하던중 임신을 했다...자기 입으로도 갑작스레 결혼발표를 하게 되었다고 하는거 보니 약간 냄새가 나는데..일단 결혼과 임신은 가히 축하받아야 마땅하지. 조금 더 솔직하게 밝혔으면 하네..,0,0,0,0,0,0,0,0,0,0,0,1
결혼식장에 술집걸들 8명 오겠네신부가 9번째로 입장하고.술집에서 8명과 술먹은건 사실이고화장실은 경찰조사 하면 나오겠지빨리좀 고소해라. 언능,0,0,0,0,0,0,0,0,0,0,0,1
결혼은 알베같은 남자와...,0,0,0,0,0,0,0,0,0,0,1,0
결혼하기 10kg증가 ㅋㅋㅋ 그것도 임신도아닌데?? 정나미 떨어질만하지...게다가 상장폐기녀인데,1,0,0,0,0,0,0,0,0,0,0,0
결혼한 유부남 쫓아다니는 빠순이들 진심 노답이다. ㅋㅋㅋ 역시 빠순이 화력,1,0,0,0,0,0,0,0,0,0,0,0
결혼한다는 놈이 전여자친구들한테 연락돌리냐ㅋㅋ갈라니가 아쉽나보지,0,0,0,0,0,0,0,0,1,0,0,0
결혼한다는데 자기가 좋아하는 연예인 아니라고 악플 다는 수준 떨어지는 사람들 한심하다.,0,0,0,0,0,0,0,0,0,1,0,0
결혼해라 어차피 소시 끝났잖아.,0,0,0,0,0,0,0,0,1,0,0,0
결혼했구나..이런 백치미 있는 여자가 좋지,1,0,0,0,0,0,0,0,0,0,0,0
결혼했으면 여자가 애를 낳고 대를 이어야지 요즘 여자들은 무슨 생각으로 결혼을 하려는지 모르겠다. 남자 등꼴 빼먹을 생각뿐인가?!,1,0,0,0,0,0,0,0,0,0,0,0
겸손하게 고사하는 백종원 과 그걸 또 받는 유재석의 그릇의 차이가 너무 확연히 느껴졌습니다. 진짜 대상은 누가봐도 이견없이 백종원 이라고 생각합니다.,0,0,0,0,0,0,0,0,0,0,0,1
경규형 다 최고시청률이네,0,0,0,0,0,0,0,0,0,1,0,0
경단녀가 한다는 게 겨우 출판사에서 연애하기냐? 남자 없인 회사 생활이 안 됨???,1,0,0,0,0,0,0,0,0,0,0,0
경림이는좀 빼자....,0,0,0,0,0,0,0,0,0,0,1,0
경준아 와이프 말 안들으면 좀 패라,1,0,0,0,0,0,0,0,0,0,0,0
"경찰은 이것도 마약검사하고, 블랙핑크도 마약검사해라..구린 냄새가 난다..",0,0,0,0,0,0,0,0,0,0,0,1
경허니 일도 열심 이쁘고 싹싹하고 요리도 잘하고 흥해라 허니 달려라 허니,0,0,0,0,0,0,0,0,0,1,0,0
계속 버티는거 보면 이 인간 인성이 나오는거지,0,0,0,0,0,0,0,0,1,0,0,0
계속 요가하세요. 못하는 연기 하지말고.,0,0,0,0,0,0,0,0,1,0,0,0
계속 제 잘난 맛에 사니 그렇지. 언젠가 크게 걸릴거야. 비싼 넌 일반인은 싸구려 기성복으로 보일테지. ''싼 게 비지떡이예요.'',0,0,0,0,0,0,0,0,1,0,0,0
계약기간이 남아있던건가?? 아니면 YG랑 한패일수도 ㅋㅋ,0,0,0,0,0,0,0,0,0,0,0,1
계집들댓글보소ᆢ누가 아깝니 그런 개소리는 여자들 왜 하는겨 ᆢ 여자종특인가,1,0,0,0,0,0,0,0,0,0,0,0
계집들은 대체로 이기적이더라,1,0,0,0,0,0,0,0,0,0,0,0
계집들은 여름에 브라자 대신에 꼭지만 가리는 접착식 테이프 붙이지 않나?,1,0,0,0,0,0,0,0,0,0,0,0
계집새끼덜 젖들젖들 봐라~ㅋ 계집새끼 나이가 저 나이대였으면 상폐되어 임신 불구년인디...ㅋ,1,0,0,0,0,0,0,0,0,0,0,0
계집이란 어차피 사내의 손을 타게되는것을.. 그리고 사내로 태어나서 계집질도 하는거지. 계집년 한두명때문에 대한민국 영화계 거물하나가 또 사라지는구나!,1,0,0,0,0,0,0,0,0,0,0,0
고 김주혁님 돌아가셨을때 김주혁님 기사로 인터넷 도배되니까 그 난리치던 엑소의 개집들이었지 아마? ㅋㅋㅋㅋ,1,0,0,0,0,0,0,0,0,0,0,0
고급스럽고 고집도 있어보이고 똑부러져보임,0,0,0,0,0,0,0,0,0,1,0,0
고딩때 처맞은거 30살까지 기억할정도면 진성찐1따 맞는듯ㅋㅋ 처맞는데는 다 이유가있다ㅋ,0,0,0,0,0,0,0,0,1,0,0,0
고마워요.. 힘낼게요.. 귀찮아서 마지 못해 쓴 느낌이네~~~,0,0,0,0,0,0,0,0,1,0,0,0
고마하지 좀~ 사람 그만 괴롭히고~,0,0,0,0,0,0,0,0,1,0,0,0
고모닮았네~~많이 컸네ㅎ,0,0,0,0,0,0,0,0,0,1,0,0
고백하기 힘들었을텐데 대단하신듯^^,0,0,0,0,0,0,0,0,0,1,0,0
고소고발난무 머자랑 이라고 ㅠㅠ,0,0,0,0,0,0,0,0,1,0,0,0
고소영은 네임벨류에비해 아우라가 없는듯.. 김태희전지현 하다못해 하지원도 수지를 일반인화 시키던데.. 저 사진만보면 제니랑 왼쪽있는애가 더 예쁘네,0,0,0,0,0,0,0,0,1,0,0,0
고승우 변호사 ᆢ 저놈은 저런취급받아도 싸다,0,0,0,0,0,0,0,0,1,0,0,0
고승우 변호사 외모만큼이나 훈훈하고 성숙한 태도네요 멋집니다!!!,0,0,0,0,0,0,0,0,0,1,0,0
고양이가 도망간건게 왜 얘 잘못임?? 도망간애 다시 데려와서 키우고 있다는데 왜??,0,0,0,0,0,0,0,0,0,1,0,0
고우시다 상폐들이 질투할만하네 ㅎㅎ,1,0,0,0,0,0,0,0,0,0,0,0
고원희 작년인가 연말 시상식때 대선배님 수상할 때 다른 연기자들 다들 일어나 박수치는데 혼자만 자리에 앉아있는거 보고 뜨아했다ㅠ개념없고 버릇없어 보였음..,0,0,0,0,0,0,0,0,1,0,0,0
고음잘지르는사람만 노래 잘 하는거 아니다이석훈처럼 섬세하고 듣기좋은 목소리도 노래 잘한다 장르가 다양할뿐~~첨 불후에선 이석훈 목소리 안 먹혓지 ~거긴 첨엔 고음만 점수 많이 나왓거든 하지만 지금은 달라,0,0,0,0,0,0,0,0,0,1,0,0
고인팔이? 와 진짜 세상에 지능 이상한 애들이 많구나 ㅋㅋㅋ,0,0,0,0,0,0,0,1,0,0,0,0
고정관념을 바꿔서 생각해라 내가 힘든만큼상위10퍼 말고 90퍼가 힘들게 산다는거한혜진씨 정도면 이제 힘든건 다지나갔어요,0,0,0,0,0,0,0,0,0,1,0,0
고주원 표현력은 서툴지만..진심은 젤 깊다연기자가 연기로 하면 잘하겠지진심이니까 신중하고 배려가 정말 느껴진다~~,0,0,0,0,0,0,0,0,0,1,0,0
고지용 왜 자꾸 나올까,0,0,0,0,0,0,0,0,0,0,1,0
고층아파트는 살지말고 1층이나 반지하에 사시길 ㅎㅎ,0,0,0,0,0,0,0,0,1,0,0,0
고현정 배되지가 불러서 그런행동 하는거지돈이 아쉬워서 하는것도 아니니 지맘에 안들면 무뢰한짓 하는거지 뭐가끔 얼굴 까먹을까 드라마 뜨문뜨문 등장하고그냥 접고 동남아나가서 살아라 얼굴도 못생긴게 지꾸 방송탈라고하네,0,0,0,0,0,0,0,0,1,0,0,0
고현정 저러니까 이혼 당하지 ㅉㅉㅉ,0,0,0,0,0,0,0,0,1,0,0,0
고현정 특) 미실이 이후 뭐하나 제대로 하는 게 없음...,0,0,0,0,0,0,0,0,1,0,0,0
고현정카리스마ㄷㄷ 넘이쁘다,0,0,0,0,0,0,0,0,0,1,0,0
곧 너도가는데 왜울어,0,0,0,0,0,0,0,0,1,0,0,0
곧 연예기사 댓글폐지된다고 하니 아줌마 댓글 볼날 얼마안남았네,1,0,0,0,0,0,0,0,0,0,0,0
곧 이혼 뉴스 뜬다.,0,0,0,0,0,0,0,0,1,0,0,0
골목식당 폐지해라,0,0,0,0,0,0,0,0,1,0,0,0
골목식당 피디부터 경찰조사한번해봐야되겟는데??,0,0,0,0,0,0,0,0,1,0,0,0
골프대회중에 무단이탈한 무개념아니냐?? 것도 개인전도아닌 팀경기서.,0,0,0,0,0,0,0,0,1,0,0,0
골프예능은 정말 신박하네요. 요새 신선한 방송 콘텐츠들이 많이 나오는 것 같아 볼게 많아 진 것 같습니다. 골프는 다른 스포츠에비해서 잘몰랐는데 이번 기회를 통해서 많이 알 수 있었던 것 같습니다! 재밌어요!,0,0,0,0,0,0,0,0,0,1,0,0
곱단이도 참 행복했을 거예요 원희씨처럼 예쁘고 따뜻한 분이 엄마여서요 끝까지 곱단이와 예쁜 시간이 되기를 바래요 곱단아 힘내♡,0,0,0,0,0,0,0,0,0,1,0,0
공과 사 어쩌고 저쩌고 거리는 애들은 중딩인가ㅋ 연애하면서 일 집중 끌어 올리는 게 얼마나 힘든데 오히려 현아는 연애하면서 자기 무대 더 열심히 하고 프로다운 모습 보여줘서 연애 잘했다 싶구만,0,0,0,0,1,0,0,0,0,0,0,0
공놀이나 쳐하는게 뭐 벼슬이라고 ㅋㅋ 김치남 한남들 못생겼으니깐 즈그들끼리 빨아대는거보소 ㅋㅋㅋㅋ,0,1,0,0,0,0,0,0,0,0,0,0
공부해라~딴따라 한다고 설치지 말고~,0,0,0,0,0,0,0,1,0,0,0,0
공블리 항상 응원합니다❣ 공배우님 인성이 좋으니 저희 팬들도 당연히 매너 갑이죠.,0,0,0,0,0,0,0,0,0,1,0,0
공산당 교육밑에서 자랏우니 공산당 말쓰지...한국말 쓰겟니...ㄷ신들...너나 잘하세요..,0,0,0,0,0,0,0,1,0,0,0,0
"공산당의 무서움을 알겠냐?!중국이 이정도인데 북한은 오죽하긋냐!!미국, 박정희가 없었다면 우리나라 저꼴일수도 있다는걸 알아라!!",0,0,0,0,0,0,0,1,0,0,0,0
공연 보지 맙시다 ㅠ,0,0,0,0,0,0,0,0,1,0,0,0
공유씨 허겁지겁 달려가서 손잡아주는거보고 소름끼쳤어요. 협박당하고 있는거면 당근이라도 흔들어주세요,0,0,0,0,0,0,0,0,0,0,0,1
공인 이란것들이 나와서는 졸 청념한척 하면서이혼은 오지게 잘해요..이러니 조상들이 피눈물을 흘리지,0,0,0,0,0,0,0,0,1,0,0,0
공인이면 모범좀 보여라 쓰레기들,0,0,0,0,0,0,0,0,1,0,0,0
공정위는 백대표님과 방송사가 무슨 관계길래.프랜차이져 사장님이 땅집고 헤엄치게 만드는지 밝혀주세요.전국에 백다방이 순식간에 생겨서 기존 커피숍 다 망하겠어요. ㅠㅠ,0,0,0,0,0,0,0,0,1,0,0,0
공효진 바가지 쇼핑몰?,0,0,0,0,0,0,0,0,1,0,0,0
공효진 발연기나이질생각이읍던데 왜계속주연일까,0,0,0,0,0,0,0,0,1,0,0,0
공효진님 대상 축하드려요~~♡♡,0,0,0,0,0,0,0,0,0,1,0,0
공효진하고 김래원은 다른 예능은 안나오고 시청률 1%도 안나오는 저런프로에...래원아 차라리 시상식에를 나와라,0,0,0,0,0,0,0,0,1,0,0,0
과거 마지막 승부에서도 농구못하는 손지창이 주인공이라 너무 어색했음. 박형준은 정말 잘했음. 당시 중대 동호회 농구 주전이었음,0,0,0,0,0,0,0,0,0,0,0,1
과거는과거일뿐.. 노래너무좋아요~ 힘내세요,0,0,0,0,0,0,0,0,0,1,0,0
"과거미화 오지네. 천재라고, 서태지가 극찬했다고 엄청 밀어줬지만 노래가 그저그래서 못뜬 게 팩트",0,0,0,0,0,0,0,0,1,0,0,0
과고에서 서울대가 카이스트보다 훨씬가기힘든데?,0,0,0,0,0,0,0,0,0,0,0,1
과연 한명일까 옹xx 강xxx 근본어디 못간다....ㅋㅋ,0,0,0,0,0,0,0,0,1,0,0,0
관리좀 하자 저건 자연스러운 현상이 아님 충분히 관리할수있는 나이인데 대중한테 노출하는 남배우가 저게 뭐냐 여배우였으면 기자들이 후덕하다가 제목부터 달았겠지.진심 숙연하다,0,1,0,0,0,0,0,0,0,0,0,0
관상은 과학인거 알지??,0,0,0,0,0,0,0,0,1,0,0,0
관상학적으로 앞으로 빵을 제집 드나들듯이 들락날락할 상이로구나,0,0,0,0,0,0,0,0,1,0,0,0
관심 받고 싶은 선동질에 불과함. 호응하는 건 바보짓.,0,0,0,0,0,0,0,0,0,1,0,0
관심도없다 이런기사는ㅋ,0,0,0,0,0,0,0,0,1,0,0,0
관심없다 문씨아저씨 일자리 언제 없지는가가 관심이다,0,0,0,0,0,0,0,0,1,0,0,0
관심없음ㅋㅋ 지상파나왔음 욕만더먹었겠지?,0,0,0,0,0,0,0,0,1,0,0,0
관심종자 암튼 SNS가 연예인병을 키운다,0,0,0,0,0,0,0,0,1,0,0,0
관종도 이런관종이 없지 노답,0,0,0,0,0,0,0,0,1,0,0,0
관종이네. 실수할걸 해야지. 딱보니 과격하게 짜증부리는거네. 보기보다 승질 더러운듯. 애는 벽에 똥칠할때까지 살 인간이라는데 엄마걸고 말하는애 엄마를 걸겠어. 오래전에 죽은 전남친일로 죽을 여자로 보이디?,0,0,0,0,0,0,0,0,1,0,0,0
관종인건 확실함...,0,0,0,0,0,0,0,0,1,0,0,0
관종짓 또 시작? 남친이랑 헤어졌냐 ㅉㅉ,0,0,0,0,0,0,0,0,1,0,0,0
광규형님 성국이형팬입니다 꼭좀 전해주세요,0,0,0,0,0,0,0,0,0,1,0,0
광대튀어나온 철가면쓴 아줌마? 개나소나솔로라고,1,0,0,0,0,0,0,0,0,0,0,0
광수 티아라 화영효영 다 똑같....아름 다니 둘만 피해자였지,0,0,0,0,0,0,0,0,0,0,0,1
광희는 의외로 추격전에 강한 면모를 보여주며 에이스로 성장했다. 이거빼고 맞음,0,0,0,0,0,0,0,0,0,1,0,0
광희야 방탄 대신 군대 10년만 더 갔다오자 애국하는거야,0,0,0,0,0,0,0,0,0,0,0,1
괜시리 눈물이난다.. 보고싶은 사랑하는 이들 볼 수있는 날이 오길 기도할게요.,0,0,0,0,0,0,0,0,0,1,0,0
괜찮다~~음악으로보답해라 힘내고!!!,0,0,0,0,0,0,0,0,0,1,0,0
괜찮은척 오지구요 팬들 선비코스프레 ㅎㅎㅎ,0,0,0,0,0,0,0,0,1,0,0,0
괜히 이혼한게 아니었네.성깔 드러운거였네..,0,0,0,0,0,0,0,0,1,0,0,0
괸찬아! 갑상선암은 조기치료하면 큰걱정안해도 된다 !! 빨리 완쾌해서 다시 무대서기를 화이팅 !!!!,0,0,0,0,0,0,0,0,0,1,0,0
교통사고 피해자랑 합의를 하면 형사처벌을 안받는게 아닌데 노엘이 합의금 후하게 주고 합의 성사가 원만하게 된 거를 왜 까는건지 모르겠다 ㅋ,0,0,0,0,0,0,0,0,0,0,0,1
교활한놈 황구라 치고있네,0,0,0,0,0,0,0,0,1,0,0,0
구구단도 따라배우자 돈이 안되면 손절하는게 맞아 김세정도 구구단 감옥에서 탈출하고,0,0,0,0,0,0,0,0,1,0,0,0
구동매 라는 인물은 좀 별로고 설정자체가 좀 어거지요. 항상 똑같은 표정에 위협만 하는,0,0,0,0,0,0,0,0,1,0,0,0
구동매 출연순간부터 아쉽지만 안봐 재수없어,0,0,0,0,0,0,0,0,1,0,0,0
구두뭐고.!!!살빼고 수술해야겟네,0,0,0,0,0,0,0,0,1,0,0,0
구라가아니구... 그라다... 기레가...0,0,0,0,0,0,0,0,0,1,0,0,0
구린뭔가가 있네ㅋㅋㅋㅋㅋ,0,0,0,0,0,0,0,0,1,0,0,0
구미호때 연기 정말 잘하셨었음,0,0,0,0,0,0,0,0,0,1,0,0
구짱도 행복하세요,0,0,0,0,0,0,0,0,0,1,0,0
구찌 화보촬영중억 찍으셨나보네요~ 멋져요^^!!,0,0,0,0,0,0,0,0,0,1,0,0
구하라 나이 정도면 어차피 임신힘든나이다 걱정안해도 된다.,0,0,0,0,0,0,0,0,1,0,0,0
구하라 남친이 엄청난 피해자지연옌이라고 얼굴하나 믿고 지가 먼져 꼬셔놓고 ㅉㅉ,0,0,0,0,0,0,0,0,1,0,0,0
구하라 싫음,0,0,0,0,0,0,0,0,1,0,0,0
구하라씨도 온몸에 멍이들고 하혈했다는데 최종범한테 상해죄는 적용 안되나요?? 왜 구하라만 상해죄 해당인지 모를 일이네요..,0,0,0,0,0,0,0,0,0,0,0,1
구하라처럼 응원받으려고 머리썼네,0,0,0,0,0,0,0,0,1,0,0,0
구하라팬인데 죠깥네 남자새끼 뒤졌다,0,1,0,0,0,0,0,0,0,0,0,0
구혜선 섹시하지 않은 젖꼭지였구나... 실망..,0,0,0,0,0,0,0,0,1,0,0,0
구혜선 안재현을 너무 사랑하네...꼭지도 못생긴게,0,0,0,0,0,0,0,0,1,0,0,0
구혜선 이런게 부부고 결혼생활이야 좀 보고 배워,0,0,0,0,0,0,0,0,1,0,0,0
구혜선 참 구질구질하네 ㅉㅉㅉ마음떠난 남자 한테 ㅉㅉㅉ,0,0,0,0,0,0,0,0,0,0,1,0
구혜선 화이팅..,0,0,0,0,0,0,0,0,0,1,0,0
구혜선 화이팅~ 꽃길만 걷길,0,0,0,0,0,0,0,0,0,1,0,0
구혜선 힘내세요.,0,0,0,0,0,0,0,0,0,1,0,0
구혜선!!응원한다 쉽게변심한 안재현 어떤식으로든 죗값받기를 바란다 한여배우(여자)인생 망친놈이다,0,0,0,0,0,0,0,0,0,0,1,0
구혜선.. 더러운 뱀같은 구차스런 에휴.. 얍삽한년 바짓가랑이 붙잡고 늘어지는 방법이 차암 천박해 ㅉㅉ,0,0,0,0,0,0,0,0,1,0,0,0
구혜선님 학업 끝내시고 어떤 형태로든 활동해주세요. 재능많은 사람인데 어쩌다 쓰레기를 만나서 ㅠㅠ 늘 응원합니다~^^,0,0,0,0,0,0,0,0,0,1,0,0
구혜선도 추잡스럽게 이게 뭐하는 짓이냐. 남편 생매장시킨다음에 데리고 살거냐... 너죽고 나죽자는 고얀 심뽀갖고 여론몰이 해서 니가 얻는게 뭐냐. 누워서 침뱉기지,0,0,0,0,0,0,0,0,1,0,0,0
구혜선본인이 당당하니까 저렇게 활동하지 안재현은 본인이 잘해서 조용히 있는게아니라 구린게 많으니까 소속사뒤에숨어서 드라마피해갈까봐 조용한거아님 무책임한사람이다,0,0,0,0,0,0,0,0,0,0,0,1
구혜선씨 미우새에 미리 양해라도 구하던지누가 무책임한지 모르겠네보기엔 얌전하고 성격 좋아보이드만완전 가식였나봄.이렇게 맘대로 하는거 보니 성질 드러운거 같네,0,0,0,0,0,0,0,0,1,0,0,0
구혜선씨 응원합니다!! 나쁜 소속사 나쁜ㅅㄲ 악플다는 댓글알바들 절대 봐주지 말고 무너지지마세요 나쁜것들은 천벌받을거에요,0,0,0,0,0,0,0,0,0,1,0,0
구혜선씨!!항상 응원합니다!!지금처럼 애기들 잘 돌봐시구요믿어요..당신을...힘내세요!!,0,0,0,0,0,0,0,0,0,1,0,0
구혜선이 제일 악플러 아님? 선처는 안재현이 해줬고,0,0,0,0,0,0,0,0,0,0,0,1
국개의원들아~제발 일좀해라ㆍ당과 정치색이 달라서 의견충돌 하는건 이해하지만~ 수북히 쌓여있는 재정법안좀 하루빨리 통과좀 시켜라ㆍ,0,0,0,0,0,0,0,1,0,0,0,0
국내 관종 환자들을 볼 수 있는 프로!!,0,0,0,0,0,0,0,0,1,0,0,0
국내에서는 일간 1위 하나조차 없는 그사세,0,0,0,0,0,0,0,0,1,0,0,0
국립공원에 난입해서 난장때리고 불지피고 촬영허거 내준건 태국이자나..정법 쟤들도 원래 문제고...태국당국 너네들도... 돈 주니 좋았어?국립공원이고 뭐고 없이 덥석 손님받고 남탓이야?,0,0,0,1,0,0,0,0,0,0,0,0
국민 엠씨 가즈아,0,0,0,0,0,0,0,0,0,1,0,0
국민들은 이미 당신을 용서했습니다. 그래도 충분히 자숙하고 재충전하셔서 좋은 작품으로 뵙길 기다리겠습니다.,0,0,0,0,0,0,0,0,0,1,0,0
국민을 개돼지로 알고 있나요? 싸이 실망스럽습니다. 꼭 강행하는 이유가 뭔지 직접 듣고싶습니다.,0,0,0,0,0,0,0,0,1,0,0,0
국주씨 활동 많이 안하시는듯 활동 많이 해주세요 이뻐요 화이팅,0,0,0,0,0,0,0,0,0,1,0,0
국주언니같은 능력있는 천상여자가 결국 잘생기고 키크고 돈많은 남자 만나게되있음~ 꼭 능력없는 것들이 ㅋㅋ 니들은 이런사람 못만나 ㅋ 거울좀보길.....^^;,0,0,0,0,0,0,0,0,0,0,0,1
군대 뺄려고 별짓을 다하네요,0,0,0,0,0,0,0,0,1,0,0,0
군대 안간 발치몽 도와준 인성 확인 응 손절,0,0,0,0,0,0,0,0,1,0,0,0
군대가는게 눈물이나나 이거도럿네,0,0,0,0,0,0,0,0,1,0,0,0
군대가라 좌시하지 않겠습니다 Girls can do anything 우리는 연결돼 있다,0,0,0,0,0,0,0,0,0,0,0,1
군대나 가라 검머외.우리나라 참 좋아.검머외도 이렇게 금의환향해주고말야.,0,0,0,1,0,0,0,0,0,0,0,0
"군대나 가세요, 병역기피는 꿈도 꾸지마시길",0,0,0,0,0,0,0,0,1,0,0,0
군대나 다녀왔나 ㅡ떠가리는 좋으면서,0,0,0,0,0,0,0,0,1,0,0,0
군대도안간 미국인이 한국에서 돈버는거여????얼탱이없네,0,0,0,1,0,0,0,0,0,0,0,0
군대부터 가야지,0,0,0,0,0,0,0,0,1,0,0,0
군대생활도 기계가 할거나?,0,0,0,0,0,0,0,0,1,0,0,0
군대안갈려고 뺑기쓰는것 갇은ㄷ디,0,0,0,0,0,0,0,0,1,0,0,0
군대에서 의무병이나 기타 목격담 하도많이 나와서 이미지 진짜 포장된건데...얘만큼 포장된애도없지,0,0,0,0,0,0,0,0,1,0,0,0
군복무 중인 규현이 대타에... 군대도 안갔다온 놈이 앉는다고...? 김희철 데려와라,0,0,0,0,0,0,0,0,1,0,0,0
군복무중에 저런데 나가는거 쉽지않은데 금수저 연예인이라 그런지 하고싶은거 다하네,0,0,0,0,0,0,0,0,1,0,0,0
군복입고나오면 적폐아녀? 문재인이좋아하는 인민복에 인공기달고나오면 쭉쭉올라갈텐데.ㅋㅋ,0,0,0,0,0,0,0,1,0,0,0,0
굳이 기사까지 와서 악플다는 심리는 뭘지,0,0,0,0,0,0,0,0,0,1,0,0
궁금하지도 않은데 갑툭튀,0,0,0,0,0,0,0,0,1,0,0,0
궁금한건 기레기들 뿐이지 어디다 뒤집어 씌우려고 수작이야,0,0,0,0,0,0,0,0,1,0,0,0
궁금해서 인스타 구경했는데 열심히 영상도 올리고 걍 귀엽게 보이는데 ㅋㅋㅋㄹㅇ 여자임 전,0,0,0,0,0,0,0,0,0,1,0,0
궂이 안보여줘도 되는데… 안궁금한데 …,0,0,0,0,0,0,0,0,1,0,0,0
권력범죄자 맞자너.아방궁에 대북송금에..영부인도 꽤해쳐 먹었다거하던데 끼리끼리 해묵은건. 다아는사실인데도둑이 제발저린다더니..해먹었나보네,0,0,0,0,0,0,0,1,0,0,0,0
권상우 참 잘 생겼네 김희원? 이름도 희한하네 저놈 저거 인상 참 더럽게 생겼어 미생에서도 살인 충동 생기던데,0,0,0,0,0,0,0,0,1,0,0,0
권태기 온거 맞네. . 단물 쪽 빨고 버리는듯. .주위에 여자가 많다는거지. Very very dog 임. . 문제는 이런남자를 여자들이 좋아한다는거.,0,0,0,0,0,0,0,0,0,0,0,1
귀여운 커플,0,0,0,0,0,0,0,0,0,1,0,0
그 가격에 팔면 뭐 잘한 장사도 아니라고 본다.,0,0,0,0,0,0,0,0,1,0,0,0
그 나이에 굳이...,0,0,0,0,0,0,0,0,1,0,0,0
그 나이에 임신이 가능합니까?,0,0,0,0,0,0,0,0,1,0,0,0
그 놈도 나쁜새끼지만 얘도 정상적인 정신은 아닌게 섹시하지 않은 젖꼭지에서 놀랬다 차라리 가슴이라고 했다면 좀 더 지성적으로 보였을텐데...이제 고마해라 관종으로 밖에는 느껴지지 않으니..,0,0,0,0,0,0,0,0,1,0,0,0
그 맘 심정 알아요 ㅠ 저도 11년 키우던 강쥐 안락사해서 하늘나라 보내봤어요 보내구 우울증 와서 힘들었는데 인연이돼서 다른강쥐데리고 와서 4년째 키우고 있어요,0,0,0,0,0,0,0,0,0,1,0,0
그 밥에 그 나물이니 끼리끼리,0,0,0,0,0,0,0,0,1,0,0,0
그 신세경 예능 몰카사건도 그렇고 방송국놈들도 덜떨어진놈 천지구나,0,0,0,0,0,0,0,0,1,0,0,0
그 여자도 인생이 바뀌고 치욕스러운 고통은 오래도록 잊혀지지 않을겁니다.아무리 10년 전 일이라지만 내 욕구 잠시 채우고자 했던 행동들 충분히 반성하시고 다시 돌아오세요..,0,0,0,0,0,0,0,0,0,1,0,0
그 와중에도 인스타는 해야하고 연예인 답다,0,0,0,0,0,0,0,0,1,0,0,0
그 임신만 줄기차게하는 개념없는 한뇬때문에,1,0,0,0,0,0,0,0,0,0,0,0
그 종족 하신 그분..,1,0,0,0,0,0,0,0,0,0,0,0
그 힘든 시간 팬들 위해서 앞만 보고 달린거 알아! 강다니엘 걱정마 우리 아직 그대로 있어! 무대 얼른 보고 싶으니까 얼른 무대 보여줘 강다니엘답게 멋있게!,0,0,0,0,0,0,0,0,0,1,0,0
그건 모르겠고 갑자기 이 듣보잡이 쳐나대는게꼴보기싫음,0,0,0,0,0,0,0,0,1,0,0,0
그건 햇을까?,0,0,0,0,0,0,0,0,1,0,0,0
그걸 즐기는 거면 할 말은 없다만~ ㅋㅋㅋㅋ 같은 저러는 거 이해가 안 되긴 함 ㅋㅋㅋㅋㅋㅋ,0,0,0,0,0,0,0,0,1,0,0,0
그게 뭐 어때서? 현아같이 성격좋은 여자는 건들지마라. 성질드러운 계집년들과는 차원이 다른 여신이다,1,0,0,0,0,0,0,0,0,0,0,0
그나마 볼 만한 드라마였는데 이제 끝나네 모든 배우님들 고생하셨습니다^^,0,0,0,0,0,0,0,0,0,1,0,0
그나마 블랙 보단 괜찮다.. ㅋ,0,0,0,0,0,0,0,0,0,0,0,1
그나마 옷+소품으로 치장하니 저렇지... 평범하게 입고있음 촌스럽게 생긴 상...,0,0,0,0,0,0,0,0,1,0,0,0
그나이에 용감하고 멋지세요~,0,0,0,0,0,0,0,0,0,1,0,0
그나저나 김태희는.... 어쩌다 그런 집안과 결혼을 한 거냐? 불쌍하다.,0,0,0,0,0,0,0,0,0,0,0,1
그나저나 장동건 고소영 딸은 크면 여자연예인들도 오징어 만든다.,0,0,0,0,0,0,0,0,0,0,0,1
그냥 ㅂㅅ,0,0,0,0,0,0,0,0,1,0,0,0
그냥 가요무대 가시길 언제적이냐 ㅋㅋ,0,0,0,0,0,0,0,0,1,0,0,0
그냥 강남 상판대기구만....!,0,0,0,0,0,0,0,0,1,0,0,0
그냥 강은비 행동이 정떨어지네 상대방생각안하고 반말할사이가 아니다?? 얼마나 민망했을까??누가 거짓말을 하는지 솔직히 궁금하지도 않지만 유튜브 강은비 동영상보고 내가 다 민망하더라 ~~,0,0,0,0,0,0,0,0,1,0,0,0
그냥 결혼하지 왠 기사 헐~~~,0,0,0,0,0,0,0,0,1,0,0,0
그냥 고음싱어ㅋㅋㅋ 고음잘하는사람뽑는프로,0,0,0,0,0,0,0,0,1,0,0,0
그냥 꼴보기 싫어,0,0,0,0,0,0,0,0,1,0,0,0
그냥 노이즈 마케팅 노린거인듯,0,0,0,0,0,0,0,0,1,0,0,0
그냥 무작정 까고보네 미성년자도 결혼할수있는거고 나이처먹고도 애지우려드는 너희들보다 훨 떳떳하구만 지금도 비방댓글 달면서 부모님 등골뽑아먹는것들이 부들대는거봐라 인생이 늘 불만이네,0,0,0,0,0,0,0,0,0,0,0,1
그냥 믿어지는사람,0,0,0,0,0,0,0,0,1,0,0,0
그냥 밉상 .손태영 권상우 처렁 .손태영이 밉상한체아 밉상 ..그냥 일상인데 왜 올리는지.봉사하는거나 좀올리지..기부나..살기도 힘든데 밉상들이 더짜증나게 함,0,0,0,0,0,0,0,0,1,0,0,0
그냥 번개탄 사서 조용히 마무리해라,0,0,0,0,0,0,0,0,1,0,0,0
"그냥 봐라. 당신들이 작가도 아니고, 작가를 휘두를 사람도 아니면서. 작가의 의중을 그냥 보면 되지. 단지 드라마일 뿐이다. 현실과 착각하지말고, 작가를 휘두르는 갑이 되지 마라.",0,0,0,0,0,0,0,0,0,1,0,0
그냥 성매매 양지로 끌어올리자. 이럴바엔... 암암리에 하는거 다 아는데...,0,0,0,0,0,0,0,0,0,0,0,1
그냥 쓰레기... 너한테 여자는 그냥 성노리개지?,0,0,0,0,0,0,0,0,1,0,0,0
그냥 안나오시면 될 거 같은데,0,0,0,0,0,0,0,0,1,0,0,0
그냥 어디 섬하나 사서 공산주의 만들고 틀니쉰내 품기면서 살어,0,0,0,0,1,0,0,0,0,0,0,0
그냥 여자밝히는 음탕한 할애비 그이상 그이하도 아님ㅋ,0,0,0,0,0,0,0,0,1,0,0,0
그냥 옥주현이 싫다,0,0,0,0,0,0,0,0,1,0,0,0
그냥 응원합니다,0,0,0,0,0,0,0,0,1,0,0,0
그냥 이모같은데? 아줌마스러벙,0,0,0,0,0,0,0,0,1,0,0,0
그냥 이뻐 평범하게 이뻐 근데 매력이 없어,0,0,0,0,0,0,0,0,1,0,0,0
"그냥 이혼해줘라,,,,짧은 인생,, 인연이 아닌걸 알았으면 분해하지말고 놔줘라.자신을 위해서~~",0,0,0,0,0,0,0,0,0,0,0,1
그냥 자숙이나 하세요,0,0,0,0,0,0,0,0,1,0,0,0
그냥 잘생긴 개그맨이라 생각했는데 머리 밀어버리니 엄청 잘생겼네요;; 너무 잘생겨서 당황스러운..,0,0,0,0,0,0,0,0,0,1,0,0
그냥 재밌게 봅시다,0,0,0,0,0,0,0,0,0,1,0,0
그냥 전라도사람들이 예민한듯 저발언을 부산에서 했다생각해봐 그냥 웃어 넘겼음,0,0,0,0,0,1,0,0,0,0,0,0
그냥 좀 쉬어~~ 푹~~~~~쭉~~~,0,0,0,0,0,0,0,0,1,0,0,0
그냥 폐지해라 프로그램 오래해먹었잖아 관찰예능지겹다.벌써 섭외봐라 범죄자들이랑 연결되어있는 사람 굳이 섭외하는 이유가뭐임?작가진들 반성해 대충대충 하지마,0,0,0,0,0,0,0,0,1,0,0,0
그냥 하차하면 될것을.. 그간 한통속으로 시청자 우롱한 연기자들께서 자기네는 잘못 하나도 없다는 식으로 한쪽에 책임 다 떠넘기고 다른 출연자들에게도 소금뿌리는 짓 아닌가.. 제작진만 이기적인 게 아니라 이들 부부도 이기적인듯.,0,0,0,0,0,0,0,0,1,0,0,0
그냥 하차해요,0,0,0,0,0,0,0,0,1,0,0,0
그냥 한국여자 거르셈 ㅋㅋㅋ 난 이미 다 손절함,1,0,0,0,0,0,0,0,0,0,0,0
그냥 한번하고 끝내라,0,0,0,0,0,0,0,0,0,0,0,1
그냥 했다고해도 15년부터한 황하나한테물든거지 박유천좀 그만잡아라 본질은 승리와 마약과 정경유착과 썩은 정부아니였나,0,0,0,0,0,0,0,0,0,0,0,1
그냥 헬쥐팀 처럼 생겼네 이년도 곳 저넘한테 차이고 19년 3월 30일날 혼나 와서 맥주 차마시며 헬쥐 팬들과 유광점퍼 입고 있을ㅋㅋㅋㅋㅋ,0,0,0,0,0,0,0,0,1,0,0,0
그냥싫어.생긴거부터가 무서울정도라서,0,0,0,0,0,0,0,0,1,0,0,0
그냥조용히살어 연예인이 모라고 그리티비나올라하니,0,0,0,0,0,0,0,0,1,0,0,0
그녀들만의 그룹 ㅋㅋㅋㅋㅋㅋㅋㅋㅋ그래바짜 방탄 발바닥,0,0,0,0,0,0,0,0,0,0,0,1
그니까 박환희 이 여자가 뭐하는 여자냐구???,0,0,0,0,0,0,0,0,1,0,0,0
그니까 선예가 책임감 없이 이기적인 행동을 했다는거지. 그때 기사들 잘 찾아봐ㅋ 자기필요할땐 컴백준비하네 했다가 비난있으니 들어간건지는 몰라도 팀이 본인때메 해체할상황이면 아름답게 나왔어야지,0,0,0,0,0,0,0,0,1,0,0,0
"그니까 여관에 왜가? 모텔갔던 내 썸녀, 전 애인들 나 고발하겠네?",0,0,0,0,0,0,0,0,0,0,0,1
그니까 지남편이 마약해서 일못하는데 잘 버텨줘서 고맙다고 우느거져??? 에라이,0,0,0,0,0,0,0,0,1,0,0,0
그니께....그러게 혼외 자식은 왜 만들어가지고는.. 거시기는 내둘러도 씨는 뿌리지 말아야할것을.. 다 니 업보여...죽을때 까지 고생좀 하겄네,0,0,0,0,0,0,0,0,1,0,0,0
그다지 ...애들땜에 봤지~~~~,0,0,0,0,0,0,0,0,1,0,0,0
그대 사랑합니다.. 명곡이었는데,0,0,0,0,0,0,0,0,0,1,0,0
그동안 애들 감성 팔아서 얼마나 벌었는지 국민들 앞에 낱낱이 공개하고 검찰은 문제가 없는지 특검 실시해라!그의 아내 양정원씨도 물론이고,0,0,0,0,0,0,0,0,1,0,0,0
"그들에게 속지 마라, 중국인들은 사실 그들을 좋아하지 않는다.기자에게 돈을 써서 중국에서 환영받는 허상을 만들다",0,0,0,1,0,0,0,0,0,0,0,0
그때실제로봤을때도 재미있으시고 했는데이런멋진일을,0,0,0,0,0,0,0,0,0,1,0,0
그래 민폐 였지 키는 난쟁이 똥자루만한게 안 어울리게 사이에 껴서,0,0,0,0,0,0,0,0,1,0,0,0
그래 연기 못하는데 예능이라도 해서 생명유지 해야지,0,0,0,0,0,0,0,0,1,0,0,0
그래 학원선생 해라 그럼 후배들은 좋지 연재 선생 엉뎅이도 보고 일석이조 이다 엉뎅이 많이 보여줘라 그럼 후배애들 흥분해서 더 엉뎅이보고 더 잘한다,0,0,0,0,0,0,0,0,1,0,0,0
그래 한번사는인생 한여자랑 평생을 같이사는건 남자한텐 너무 억울하지,0,0,0,0,0,0,0,0,0,0,0,1
그래~ 난 너 별루야.. 얏호 ㅎㅎ,0,0,0,0,0,0,0,0,1,0,0,0
그래갖고 나라 지키겄냐.,0,0,0,0,0,0,0,0,1,0,0,0
그래도 구하라 눕힌 너가 승자다.,0,0,0,0,0,0,0,0,0,0,0,1
그래도 국제적인 평창올림픽 가수는 엑소!!!,0,0,0,0,0,0,0,0,0,0,0,1
그래도 난 믿어볼란다,0,0,0,0,0,0,0,0,1,0,0,0
그래도 난 재미있다~ 파격적으로 김현주랑 이어지면 좋겠다,0,0,0,0,0,0,0,0,0,1,0,0
그래도 남자로서 부럽네...잘생겨서 항상 인기 많은듯,0,0,0,0,0,0,0,0,0,1,0,0
그래도 너는 죄책감에 부끄러워 할줄은 아는구나. 송혜교측은 아직도 뻔뻔하게 탈세아니라고 우기던데.,0,0,0,0,0,0,0,0,1,0,0,0
그래도 사생활 깨끗하게 본인이 노력해서 돈 벌었다니까 잘 사신듯,0,0,0,0,0,0,0,0,0,1,0,0
그래도 사진보니깐 반성을 많이 하시는거같아서 보기좋아요,0,0,0,0,0,0,0,0,0,1,0,0
그래도 애들 입장에서 좋겠어요^^사진은 자연스럽게 찍으신 사진이 예뻐요ㅎ,0,0,0,0,0,0,0,0,0,1,0,0
그래도 외모도 괜찮고 끼도 있으니 다른 분야에서 활약할수 있을거임...20대 중반이면 아직 한창이다,0,0,0,0,0,0,0,0,0,1,0,0
그래도 욕은 하지마라.. 니들 모르게 썩은재료에 위생더러운 음식점이 얼마나많은데.. 차라리 맛없는게 낫지,0,0,0,0,0,0,0,0,0,0,0,1
그래도 인정하는 모습이좋네,0,0,0,0,0,0,0,0,0,1,0,0
그래도 자비를 베풀면 더 좋았을거 같다 설현아...,0,0,0,0,0,0,0,0,0,0,0,1
그래도 잘생겼으니 조금만 쉬고 나오면 다 이해해 주것지..한국은 외모지장주의의 나라니까 다행다행..복귀 기념 콘서트 성황리에 매진! 함내세용,0,0,0,1,0,0,0,0,0,0,0,0
그래도 저정도면 양호한거 같아요ㅎㅎㅎ,0,0,0,0,0,0,0,0,0,1,0,0
그래도 제작진은 힘든 결정이였을꺼예요프로그램 만들기 위해 투입된 직원들은 일자리인데 다른 멋진 작품 생각하셔서 다시 모이시길 바래요,0,0,0,0,0,0,0,0,0,1,0,0
그래도 진심은 느껴지네,0,0,0,0,0,0,0,0,0,1,0,0
그래도 초희 이쁘니까 괜찮아,0,0,0,0,0,0,0,0,0,1,0,0
그래도 혜빈이가 그동안 잘 참아줘서 다행이네..,0,0,0,0,0,0,0,0,0,1,0,0
그래봐야 3사 엔딩은 엑소가 했지 레전드 엑소,0,0,0,0,0,0,0,0,0,0,0,1
그래봣자 밤일을 잘해야지.. 살만뺀다고..,0,0,0,0,0,0,0,0,0,0,0,1
그래봤자 아이유 밑,0,0,0,0,0,0,0,0,0,0,0,1
그래서 ㅅsex는 언제해요?,0,0,0,0,0,0,0,0,1,0,0,0
그래서 군대는 언제 입대하나요,0,0,0,0,0,0,0,0,1,0,0,0
그래서 그렇게 사람들 괴롭히구 그랫구나~~~~~ 유명하던데 지랄스러움이. 아파서 그랫구나.,0,0,0,0,0,0,0,0,1,0,0,0
그래서 누군데,0,0,0,0,0,0,0,0,1,0,0,0
그래서 누군데? 남자는 연예인 아니지않나,0,0,0,0,0,0,0,0,1,0,0,0
그래서 누드도 찍고 그런거넹..,0,0,0,0,0,0,0,0,1,0,0,0
그래서 방탄은 군대에 가야 합니다,0,0,0,0,0,0,0,0,0,0,0,1
그래서 승리는청와대랑 연결고리가?통 수사가 진행안되네북한대한민국아,0,0,0,0,0,0,0,1,0,0,0,0
그래서 정겨운 이혼사유는 보긴했어??ㅋㅋㅋㅋ 아웃겨 이래서 한녀들이란...,1,0,0,0,0,0,0,0,0,0,0,0
그러게 애 데리고 티비 좀 나오지 마요 애기 어릴 때 뭔 프로에 나와서 애기 침대에 툭 던지니까 리포터가 깜짝 놀라서 애기를 그렇게 던지냐고해도 해 맑게 웃더니만,0,0,0,0,0,0,0,0,1,0,0,0
"그러게 잘보고 결혼해야지, ㅉㅉㅉ",0,0,0,0,0,0,0,0,1,0,0,0
그러니까 살찐거 컴플이라고 개솔찍찍 하지마 살찐여자들아 키작은거랑 머리빠지는거 노력1도 못하는 그런게 진짜 컴플이지,1,0,0,0,0,0,0,0,0,0,0,0
그러니까 표정 관리 좀 하세요.,0,0,0,0,0,0,0,0,1,0,0,0
그러지 맙시다 아직 신인인데 본인도 오죽 힘들면 하차하겠어요,0,0,0,0,0,0,0,0,0,1,0,0
그러지마셔요 범죄자(살인미수) 음주운전은 살인미수예요.반성따위 없어요 이런 글 보면서 언젠간 악플때문이라면서 마시고 실수했다고 하겠죠?? 쯧쯧 누굴만나나요 .그러지마셔요 다른 노처녀들에게 양보하세요 .,0,0,0,0,0,0,0,0,1,0,0,0
그런가? 이게 그렇게 화날 일인가? 너희 악플러야 항상 화나있으니 좋은 먹잇감 문거고 난 오히려 백종원이 그 여자에게 계속 화내는게 이상하더라. 이 여자에게 이런 컨셉으로 가자고 대본 깔아줬나 싶던데.,0,0,0,0,0,0,0,0,1,0,0,0
그런데 이 사람 누구인데 기사까지 씀?,0,0,0,0,0,0,0,0,1,0,0,0
그런이야기 할수도 있다고 본다 실제로 한것도 아니고....참 별거 같고 x랄들이넹,0,0,0,0,0,0,0,0,1,0,0,0
그럴줄알았다군대에서 다친거냐가기전에 다친거냐어차피 훈련소만 갈꺼였네계산된거지뭐누가보면 국대 금메달리스트인줄,0,0,0,0,0,0,0,0,1,0,0,0
그럼 남편이 포주 인건가ㄷㄷㄷ,0,0,0,0,0,0,0,0,1,0,0,0
그럼 머해..... 예쁜 아이가 죽었는데 난 특별히 팬도 아니었지만 볼때마다 이뿌더라 자기 주관 뚜렷하고 이럼 머해 그럼 머해 그냥 나도 지켜주지 못해 미안할뿐....,0,0,0,0,0,0,0,0,0,1,0,0
그럼 문재인님이라고 해야하나?,0,0,0,0,0,0,0,1,0,0,0,0
그럼 시즌3 4는 멤버전원 다 정해놓고 했다는건데 데뷔한애들 다 문제있는거 아님??ㅋ,0,0,0,0,0,0,0,0,1,0,0,0
그럼 최종범은 사형이지?음주운전 협박 폭력 가택침입 리벤지포르노 전부다 해당인데 사형 아니면 남자라고 봐주는 거지,0,1,0,0,0,0,0,0,0,0,0,0
그럼 티켓반값이나 20프로할인해라,0,0,0,0,0,0,0,0,0,0,0,1
그럼 한국에서 그런 재난 터졌을때 중국연예인들이 한국 응원하면 안되겠네 ? 더구나 송혜교는 중국 활동 많이 하던데,0,0,0,1,0,0,0,0,0,0,0,0
그렇게 고마운 분을 방송에서 찾는다는게..,0,0,0,0,0,0,0,0,1,0,0,0
그렇게 방송물먹고 카메라마사지받는데도 얼굴이....ㅜㅜ 몸매는 인정ㅋ,0,0,0,0,0,0,0,0,1,0,0,0
그렇게 일본 불매하자던 사람들이ㅋㅋㅋ 역시 개돼지들ㅋㅋ,0,0,0,1,0,0,0,0,0,0,0,0
그렇다고 해서 네가 여혐을 했다는 사실이 없어져?,0,0,0,0,0,0,0,0,1,0,0,0
그렇죠ㅡjyp는 멋진스승이죠 어디서나 열심히하길!jyp영원하라,0,0,0,0,0,0,0,0,0,1,0,0
그렇지.백종원 니 한계를 이제 아는구나.니 수준에 맞게 인스턴트 레시피로 방송욕심만 많아 거품많은 인지도 그만 올리고 본래의 니 본업으로 가맹점주들이나 잘이끌어줘라.,0,0,0,0,0,0,0,0,1,0,0,0
그렇지만 연예인들은 피해자입니다 거부권이 없기 때문입니다 그러므로 빨리 컴백 할수 있게 해주세요,0,0,0,0,0,0,0,0,0,0,0,1
그려도 달수형 좀 불쌍ㅠᆢ,0,0,0,0,0,0,0,0,0,0,0,1
그리 기대했는데.. 사실 짜증남 아직까지.. 대체 그많은 캐리터들 ㅜ 골고루 분배도 안되고 뭐지? 하다 끝남..결국 타노스가 최강이었던거? 스포죄송합니다만 저처럼 기대넘하고보믄 안될것같은..,0,0,0,0,0,0,0,0,1,0,0,0
그리고 리얼로하니 중간에 아니다 싶음 관두는거지. 그런 커플 몇 있었지..그런데 이런 경우 여자는 어려서 상처 안받는데 늙은 노총각들이 좀 기대했다가 실망했겠지..어차피 어린 여자는 자기 홍보 그 이상도 이하도 아님,0,0,0,0,0,0,0,0,0,0,0,1
그리고 비키니 입는건 좋은데 가슴은 좀 가렸으면... 엄마라서 비키니 못입는게 아니라 가슴골까지는 괜찮지만 아이앞에서 반이상 보여주는건 아닌듯... 아이가 없다하더라도 나중에 사진으로라도 볼텐데,0,0,0,0,0,0,0,0,0,0,0,1
그리고 한채아가불쌍하다 남자가직업이머냐 그리고거짓말하지말라고해라 신라호텔서하는게스몰웨딩이냐 먼돈이있어서거기서하나,0,0,0,0,0,0,0,0,0,0,0,1
그리고..소유진.존나 관종인듯.꼴보기 싫으니..그만 나대고.존나 안궁금해..제발 그만나대..,0,0,0,0,0,0,0,0,1,0,0,0
그만 나대~~~ ㅈ-랄도ㅈ풍년이다,0,0,0,0,0,0,0,0,1,0,0,0
그만 나와라,0,0,0,0,0,0,0,0,1,0,0,0
그만 욕했으면. . . 스스로 벌 받고 있잖아요.,0,0,0,0,0,0,0,0,0,1,0,0
그만 좀 기사 썼으면..... 알고싶지도 않아요,0,0,0,0,0,0,0,0,1,0,0,0
그만 좀 나데라 악플러 새끼들아 지치지도 않냐? 질려.,0,0,0,0,0,0,0,0,1,0,0,0
그만 좀 나와라 김종국,0,0,0,0,0,0,0,0,1,0,0,0
그만 좀 싸우자. 서로 조굼씩 이해하려고 노력이라도 해보길,0,0,0,0,0,0,0,0,0,1,0,0
그만 좀 해라.지겹다 이제,0,0,0,0,0,0,0,0,1,0,0,0
그만 좀해라! 지겹따! 아예 남자들다 없애고 구멍들끼리만 사는게 좋을듯.......,1,0,0,0,0,0,0,0,0,0,0,0
그만 하세요~~부끄러운 줄 알고..우리 아이들이 본 받을까 걱정이네요..,0,0,0,0,0,0,0,0,1,0,0,0
그만나오세요 방송나올만큼 잘한것도 없자나요,0,0,0,0,0,0,0,0,1,0,0,0
그만들좀 해라 ㅋㅋㅋㅋㅋㅋㅋㅋㅋㅋㅋ개나소나 미투 ㅇㅈㄹ하넼ㅋㅋㅋ하여간 계집련들은 남자등쳐먹는거말곤 할줄아는거 없지,1,0,0,0,0,0,0,0,0,0,0,0
그만좀 벌자 후배들도 벌어야지 그돈가지고 조용히 놀러다니면서 삽시다,0,0,0,0,0,0,0,0,1,0,0,0
그만좀 쳐올리자 어?,0,0,0,0,0,0,0,0,1,0,0,0
그만좀나아요ㅠ성은씨활동좀하게 ㅋㅋ,0,0,0,0,0,0,0,0,1,0,0,0
그만좀비꼽시다ㅡ솔직히 딸이 대세니 그냥 할수있는말같은디ㅜ왜들그렇게...그냥..건강히 낳길 축복해줍시다~,0,0,0,0,0,0,0,0,0,1,0,0
그만큼 살아있으면서 가족 애간장 끓였으면 죽을땐 잘가야죠?,0,0,0,0,0,0,0,0,1,0,0,0
그만해라 후졌다,0,0,0,0,0,0,0,0,1,0,0,0
"그분들 몰려오겠네 에휴, 남한테 피해주는것도 아니고 본인이하고싶어서 하는건데 뭐라고들 하지맙시다.",1,0,0,0,0,0,0,0,0,0,0,0
그사람의 자식도있다 고만했음 좋겠다 당한사람들도 실명과 이름을 공개하던가 대놓고 한가족 모두 죽어라 고사지내는 꼴같다,0,0,0,0,0,0,0,0,0,1,0,0
그시간에 이제 무얼 하지요.시즌2로 빨리 돌아와 주시면 정말 좋겠어요.기다릴께요~~~.~♡♡,0,0,0,0,0,0,0,0,0,1,0,0
그알 특징 : 내용은 다 아는거 짜깁기 수준이고 의혹만 남발함,0,0,0,0,0,0,0,0,1,0,0,0
그알 한남들 진짜 일하는 꼬라지 짜증나지만 러브가 참는다ㅠ 김상중 너도 한남소리 듣기 싫으면 똑바로해,0,1,0,0,0,0,0,0,0,0,0,0
그알PD 한번 해봅시다 하더니 꼴 좋다 .,0,0,0,0,0,0,0,0,1,0,0,0
그애미에 그딸에 그남편,1,0,0,0,0,0,0,0,0,0,0,0
그와중에 조보아 너무 예쁘다....ㅠ,0,0,0,0,0,0,0,0,0,1,0,0
그와중에 지성 아직도 유니클로 광고하고있다는 점...,0,0,0,0,0,0,0,0,0,0,0,1
그입 닥쳐라 ..지금까지 골목시장에 늘어놓은 짜장면집 빽다방등...철수나 하셔....돈 많으넘이 돈 욕심낸다고,0,0,0,0,0,0,0,0,1,0,0,0
그저 은퇴각 ㅋ ✔️✔️,0,0,0,0,0,0,0,0,1,0,0,0
그쪽지역 출신들이 다 그렇지 뭐 ㅋㅋ,0,0,0,0,0,1,0,0,0,0,0,0
극중 역할이랑 찰떡인듯...!!! 다음화도 볼 의향 있음,0,0,0,0,0,0,0,0,0,1,0,0
극중 지성이 맡은역할 정말 별로,0,0,0,0,0,0,0,0,1,0,0,0
근대 이와중에 박나래 못생긴건알았지만 진짜 너무 ㅈㄱㅇ 생겼다 재는 티비에 안나오길 눈썩는다는걸 진심 느낌ㅜ 진심으로여 이건 악플아니예여 내주변 남자들 다박나래 이국주 나옴. 채널돌림,0,0,0,0,0,0,0,0,1,0,0,0
근대 저분들 조폭인가요?? 딱봐도 최소 조폭경험 있을거 같이 생겻던데...학창시절 괴롭힘 당한사람들 있을거같던데,0,0,0,0,0,0,0,0,1,0,0,0
근데 가왕급으로 배치될급인가..?,0,0,0,0,0,0,0,0,1,0,0,0
근데 곽선영 창백한데 모성애 자극하는 연기 목소리도 아나운서 같아서 그런가 난 미나가 제일좋다 미나 바람폈어도 어쩔수없는게 있다고 안아주고싶고 용서해주고싶고 그리고 곽선영 럭셔리하게 예쁘다 굿,0,0,0,0,0,0,0,0,0,1,0,0
근데 구하라 여자들이 욕하는거아니었나 남자들은 구하라이뻐서 무조건구하라편인데ㅋㅋㅋㅋ,0,0,0,0,0,0,0,0,0,0,0,1
근데 김은숙 작가 작품은 항상 후반부는 쳐진다ㅠㅠ,0,0,0,0,0,0,0,0,1,0,0,0
근데 김지석은 나올 짬밥이 아닌데,0,0,0,0,0,0,0,0,1,0,0,0
근데 너무 김수현 말투 따라하는 느낌이...목소리가 비슷한데 말투까지...,0,0,0,0,0,0,0,0,1,0,0,0
근데 델루나 특집을 왜 kbs에서 하는거임??kbs는 존심도 없나?? 스카이캐슬 때도 그렇고 얘넨 타 방송국 프로에 왜 자꾸 빨대 꽂는데????,0,0,0,0,0,0,0,0,1,0,0,0
근데 도대체 누구냐 ㅡㅡ 연예인이라고 아무나 기사 막 내버리네,0,0,0,0,0,0,0,0,1,0,0,0
근데 박보검이랑 나오는 드라마는 도저히 못 보겠다.....,0,0,0,0,0,0,0,0,1,0,0,0
근데 방탄엔 강다니엘보다 잘생긴 사람 없는건 사실이자나,0,0,0,0,0,0,0,0,0,0,0,1
근데 백선생님은 왜그렇게 고함을지르시는지 그래서 시청율이 오르니까 제작진이 계속 편집도 그렇게 하는거 같던데 한번씩 듣기 불편할때가 있네요 좋은 의도가 다는 아닙니다,0,0,0,0,0,0,0,0,1,0,0,0
근데 백종원 씨 스타일이 너무 아재스타일이긴함요즘은 맛보다 허세인경우가 많음 사장인격 문제된마카롱집도 여전히 장사 잘됨 이뿌기만 해도 어느정도먹히는 세상임..,0,0,0,0,0,0,0,0,1,0,0,0
근데 변기유천 빠들은 왜 관련도 없는 이세영 기사에서 쿵쾅 대는거임? ㅋㅋ SM한테 버림 받은 늙은 퇴물 ㅋㅋ,1,0,0,0,0,0,0,0,0,0,0,0
근데 불친절한알바들보면 때리고싶긴하던데,0,0,0,0,0,0,0,0,1,0,0,0
"근데 브라 해본적도없는 한남들이 왜 더 거품물고 난리임 ㅋㅋ 관심없다면서 기사마다 댓글비율 20,30,40대 한국남성임 ㅋㅋㅋㅋㅋㅋ 브라 해본적도 없는 수컷들 주제에",0,1,0,0,0,0,0,0,0,0,0,0
근데 사진만 봐선 거부감 든다;;;,0,0,0,0,0,0,0,0,1,0,0,0
근데 얘 왜이렇게 띄워주는거냐? 난 얘 노래 얼굴 1도 모르겠다,0,0,0,0,0,0,0,0,1,0,0,0
근데 어차피 남돌 방탄빼면 다 미세먼지들 수준들이고 여돌 트와이스 빼면 라면스프 부스러기 수준들인데 왜 굳이 창업을..? 싸이나 되는 사람이 굳이..?,0,0,0,0,0,0,0,0,0,0,0,1
근데 왜 남자만 왜 마스크 쓰고다녀야되나여? 여자는 안쓰고다니는데 너무한거아니야?나도 내일부터 화장하고 다닐래,1,0,0,0,0,0,0,0,0,0,0,0
근데 왜 이제 와서 이사단 난거냐. 문재앙시키 또 뭔가 숨기는거 아니야,0,0,0,0,0,0,0,1,0,0,0,0
근데 요즘 경찰들 문재인이가 지네 라인아님 승진안시킨다오히려 역풍안맞기를 바래요,0,0,0,0,0,0,0,1,0,0,0,0
근데 원래 사진 봐도 엄청 뚱뚱하더만ㅋㅋㅋㅋㅋㅋ 말 같지도 않은 소리 하고 앉았네 ㅋㅋㅋㅋㅋㅋㅋㅋㅋ,0,0,0,0,0,0,0,0,1,0,0,0
근데 의문인게 APT 저팀 베스트 멤버 마자?리그 1위2위 다투는 팀이라 들었는데...아마추어여도 문수인급 애들 즐비할텐데...더방 놈들이 주작하는 느낌이낫다.,0,0,0,0,0,0,0,0,1,0,0,0
근데 이 분 진짜 영화배우 뺨쳐요 미모는 반박불가,0,0,0,0,0,0,0,0,0,1,0,0
근데 이부부 나올때 그냥 돌림 ㅠ,0,0,0,0,0,0,0,0,1,0,0,0
근데 이부부는 노래한곡으로 진짜 잘먹고 잘사는것같음... 뭔가 능력보다는 운으로 사는것같음,0,0,0,0,0,0,0,0,1,0,0,0
근데 이색히 남자냐??? 소름돋네...,0,0,0,0,0,0,0,0,1,0,0,0
근데 인상이 좀거시기한군 뭔가 한성격할것같은,0,0,0,0,0,0,0,0,1,0,0,0
근데 인터넷에서만 욕하지 ㅡ 지금 싸이콘서트 매진임 ㅋㅋㅋㅋㅋㅋㅋㅋㅋㅋ나도 가고싶음 ㅋㅋㅋㅋㅋㅋ,0,0,0,0,0,0,0,0,0,1,0,0
근데 일진이었다는게 이렇게 근 파장을 일으킬 정도인가?.. 너무 오바하는거 아니냨ㅋ,0,0,0,0,0,0,0,0,0,0,0,1
"근데 주진모,장동건,현빈,송승헌 정도의 얼굴과 재력이면..여자들이 먼저 알아서 팬티 내릴걸..",1,0,0,0,0,0,0,0,0,0,0,0
근데 지가 뭔데 독설임 ㅋㅋ 백종원 급도 아니고 요리관련 종사자도 아니고 ㅋㅋ 지가 유명 쉐프라도 된 것 만양 착각에 빠졌네 ㅋㅋ,0,0,0,0,0,0,0,0,1,0,0,0
근데 지겹지 않나... 매번 같은 패턴의 어한첨. 추모는 감사하지만.,0,0,0,0,0,0,0,0,1,0,0,0
근데 진짜 자살할생각이고 자살한 사람보면 자살을 암시하는 어떤 행동도 안하고 진짜 가던데...꼭 힘들다고 자살에 실패하는 사람들이 대부분 저렇게 티내고 시도하고 안죽던데...,0,0,0,0,0,0,0,0,1,0,0,0
근데 택연은 재미가 없잖아요. 그냥 착한 이승기 택연.. 재미는 없다.,0,0,0,0,0,0,0,0,1,0,0,0
근데 학폭 미투 창피하지도 않나? 나 학교다닐때 찐따였소 동네방네 소문내고 다니는거 아님? 찐따가 한을 품으면 오뉴월에도 서리가 내린다더니 효린은 재수없게 발목 잡힌거같아 안타깝군.,0,0,0,0,0,0,0,0,1,0,0,0
근데 현아 어제 속바지 안입었지? 치마가 무지펄럭이던데..속바지는 좀 입자,0,0,0,0,0,0,0,0,1,0,0,0
근데솔직히 인상이 착해보이지는않다,0,0,0,0,0,0,0,0,1,0,0,0
근디 가스나도 꽃뱀이네ᆢ3억ㅋㅋ장난하나ᆢ,1,0,0,0,0,0,0,0,0,0,0,0
근디 난 조작에 오보방송국 조중동과 일맥상통하는 일베방송국 스브스에서 나온거라서 그닥 믿음이 안가.,0,0,0,0,0,0,0,0,1,0,0,0
근래 들어 넘 재밌게 봤고 경치 좋은 하와이 티비에서 불수 있어 좋았어요.,0,0,0,0,0,0,0,0,0,1,0,0
근력 운동도 빡시게 했을텐데 근육이 없네.. 3달이면 충분히 눈에 보일만큼 생기는데,0,0,0,0,0,0,0,0,1,0,0,0
근혜조카는 나오지말지. 보기불편한데..식당프로 지겹다,0,0,0,0,0,0,0,0,1,0,0,0
글게 탈세는 왜함?? 그냥 벌받았다 생각하셈. 솔직히 동정심 안가네.,0,0,0,0,0,0,0,0,1,0,0,0
글만읽어도 진부하다..70년대 일본소설 느낌을 벗어날수 없다..오싱같은..,0,0,0,0,0,0,0,0,1,0,0,0
글쎄 남자가 저런말하게 한 bj가 더문제인거 같은데 대충검색해보니 답나오네,0,0,0,0,0,0,0,0,0,0,0,1
금방 끝날줄 알았는데 이리 길게도 가니 진짜 정신적 교감이 있는 사랑인가? 어쨌든 보기 드물긴하다.그리고 김민희 에쁘다,0,0,0,0,0,0,0,0,0,1,0,0
금수저니 그냥 건물세나 받으면서 편히살아라 기어 나오지 말고,0,0,0,0,0,0,0,0,1,0,0,0
긍데 아이유땜에 보기 싫다,0,0,0,0,0,0,0,0,1,0,0,0
긍정적 마인드... 어쩜 부럽기도해요,0,0,0,0,0,0,0,0,0,1,0,0
기다렸어요.아프고 상처받지 말고 힘내서 행복한 가정 지키며 잘 해내길 응원합니다,0,0,0,0,0,0,0,0,0,1,0,0
기대가 너무 컸나....생각보다 조금 별로였다...전투씬이 3시간 상영시간중에 너무 짧은 느낌이었다.,0,0,0,0,0,0,0,0,1,0,0,0
기대되요~멋진 모습 볼 수 있었음 합니다.,0,0,0,0,0,0,0,0,0,1,0,0
기대합니당 몽이 행님,0,0,0,0,0,0,0,0,0,1,0,0
"기독교 신자만 아니었어도... 중세 시대 수준의 미개한 세계관, 가치관에 사로잡혀 있는 윤아가 안타깝다.",0,0,0,0,0,0,0,0,1,0,0,0
기레기 닭이라 멍청해서 미투운동 본질도 모름.연예인 사생활이나 캐 기레기 찐따야ㅋㅋ,0,0,0,0,0,0,0,0,1,0,0,0
기레기. 길다가 돌맞는데 누가 가만히 있냐??? 쓰레기 어그로꾼 유트브정지당해야지 사회악이다,0,0,0,0,0,0,0,0,1,0,0,0
기무라 타쿠야와 후카츠 에리 보다가 이거 짤로만 보는데도 망작스멜이 나노 원작을 이따위로 망쳐놓냐? 차라리 옆방송국에 나오는 소지섭을 캐스팅하던가 뭐냐 이게...,0,0,0,0,0,0,0,0,1,0,0,0
기본적으로 노래를 정말 잘하심 진짜,0,0,0,0,0,0,0,0,0,1,0,0
기부 하는거 정말 좋은일이긴 한데 박수홍 기부 검색한번 해보시길...저렇게 광고하듯이 하는거보다 박수홍처럼 했으면 좋았을텐데..,0,0,0,0,0,0,0,0,0,0,0,1
기부도 안 하고 물바가지 뒤짚어쓰는게 뭔 소용이람,0,0,0,0,0,0,0,0,1,0,0,0
기부천사 싸이처럼 기부나 하고 살아라 개돼지들아불우이웃하나 돕지못하는 벌레같은 인생들이 누굴 욕하는지,0,0,0,0,0,0,0,0,1,0,0,0
기부할꺼면 얼마든지 조용히 할수 있는거지 서로 지목놀이 하는 이유가 머겠냐. 걍 관종들이라 그런거지 ㅋㅋ,0,0,0,0,0,0,0,0,1,0,0,0
기사 사진만 봤을땐 그닥 몰겠다 무튼 일본은 짜져라,0,0,0,1,0,0,0,0,0,0,0,0
기사 속 글만 읽어도 눈물이 나네요......,0,0,0,0,0,0,0,0,0,1,0,0
기사 제목보고 기자가 여자일꺼라고 단박에 알았다~~,1,0,0,0,0,0,0,0,0,0,0,0
기사 좀 내지 말아달라는데 그걸 기사 내는 기자들도 참 분별없네,0,0,0,0,0,0,0,0,1,0,0,0
기사가 이상혀....남이 입든 말든 뭔 상관...셜리씨가 일부로 기사 내달라고 한건가요?? 의문...남의 속옷 입는 것까지 신경쓸 필요가 있나요. 참...,0,0,0,0,0,0,0,0,1,0,0,0
기사거리 오지게 없나벼 지겨워 별것도 아닌데,0,0,0,0,0,0,0,0,1,0,0,0
기사거리가 될만한 건가여? 관심도 없는데,0,0,0,0,0,0,0,0,1,0,0,0
기사거릿 드럽게 없나보네,0,0,0,0,0,0,0,0,1,0,0,0
기사내려라 고아의대한 예의도없네,0,0,0,0,0,0,0,0,1,0,0,0
기사내려라 씹;; 잘못된 기사를 메인에까지 올린 저의도 무엇?,0,0,0,0,0,0,0,0,1,0,0,0
기사를 봐도 뭔소리인지 모르겠네. 게다가 저당시 세균전이라니...판타지라도 이건... 농담이지?,0,0,0,0,0,0,0,0,1,0,0,0
기사를 왜케 많이 내. 박보검 이어서 줌냐들 지지층 겁나 단단한듯,1,0,0,0,0,0,0,0,0,0,0,0
기사만 읽어도 눈물이나네요ㅜㅜ,0,0,0,0,0,0,0,0,0,1,0,0
기사제목만 봐도 노잼냄세나네ㅋㅋㅋ,0,0,0,0,0,0,0,0,1,0,0,0
기성가수들 몸값올리러 나온듯.....오디션인지 예능인지ㅉㅉㅉ장난하는것도아니고ㅉㅉ 마이크는 죄다 동굴이여....,0,0,0,0,0,0,0,0,1,0,0,0
기센여자랑살려면 바보가되야됨,1,0,0,0,0,0,0,0,0,0,0,0
기안 분량좀... 다른사람나오면 노잼이라 안봄 한혜연은 왜자꾸나오는지..박나래로도 충분히 시끄러움,0,0,0,0,0,0,0,0,1,0,0,0
기안 빠는 한남 = 한냄퇘지 쿵쾅이들,0,1,0,0,0,0,0,0,0,0,0,0
기안 없으니깐 개꿀잼 ㅋㅋㅋㅋㅋㅋ,0,0,0,0,0,0,0,0,0,0,1,0
기안84 좋아요,0,0,0,0,0,0,0,0,1,0,0,0
기안84 화이팅 누가 뭐래도 당신이 최고에요,0,0,0,0,0,0,0,0,0,1,0,0
기안84는 극혐 가끔 돌아이 같아서....캐릭터로 재밌게 살려서 저 정도지 실제로 저러면 정말 싫을듯,0,0,0,0,0,0,0,0,1,0,0,0
기안은 왜 유지? 눈치참없고 ㅋ,0,0,0,0,0,0,0,0,1,0,0,0
기안이 젤웃김,0,0,0,0,0,0,0,0,0,1,0,0
"기안이 쿵쾅이 웹툰 그려서 욕 먹었는데, 쿵쾅이 아줌마들은 그것도 모르고 좋다고 빨아주네. 피아식별 좀 해라 쿵쾅이 3~40대 댓글 많이 다는 아줌씨들아 ㅋㅋ",1,0,0,0,0,0,0,0,0,0,0,0
기안좀 치워라 보기 역겹다 쟤때매 시청률 떨어지는거다,0,0,0,0,0,0,0,0,1,0,0,0
기안편은 스킵했음,0,0,0,0,0,0,0,0,1,0,0,0
기안하차언제해 좀 하차해 니땜에 나혼산안봐,0,0,0,0,0,0,0,0,1,0,0,0
기은세가 성형손나은보다 훨씬 예쁘다!,0,0,0,0,0,0,0,0,0,0,0,1
기자 인성이 쓰레기네 의도적으로 김성은 욕 먹이려고 비호감 받게 기사 썼네 이런 악의적인 기자들이 연예기자라 연예인들 참 힘들겠다,0,0,0,0,0,0,0,0,1,0,0,0
기자 제목 다는 꼬라지도 극혐 어휴 여자네,1,0,0,0,0,0,0,0,0,0,0,0
기자가 기레기 티내나요? 주홍글씨는 불륜녀한테 붙인 낙인인데 책 좀 읽으세요. 무식한 기자 양반아.,0,0,0,0,0,0,0,0,1,0,0,0
기자가 여자네요.. 화사가 저런 춤 추면 걸크러쉬라고 할거면서.. 그녀들의 이중성이란..,1,0,0,0,0,0,0,0,0,0,0,0
기자들 끝난 일 가지고 아주 가관이다사람들도 알아보고 얘기해라 이미 끝난 일임이런거에 낚이지말고,0,0,0,0,0,0,0,0,1,0,0,0
기자라는 직업은 기본적으로 예의가 없어야 하는 직업인가? 남의 사생활을 이렇게 맘대로 다뤄도 되는건가 생각해봐야함.,0,0,0,0,0,0,0,0,1,0,0,0
기자앙반아 명품이란말 올려놓구 착한 이진이 뭔잘못이 있다고욕을먹게하냐? 실수했다기레기야,0,0,0,0,0,0,0,0,1,0,0,0
기자야 너도 인간이니?,0,0,0,0,0,0,0,0,1,0,0,0
기자욕먹는 이유 있네,0,0,0,0,0,0,0,0,1,0,0,0
기자하다 프리갔네남성편력이 쫌 있는거같은데결국 정착했네,0,0,0,0,0,0,0,0,1,0,0,0
기집들도 같이 자놓고 쥐랄하네,1,0,0,0,0,0,0,0,0,0,0,0
길참주 역 배우 찾아봤네요. 요즘 너무 재밌게 보는 드라마^^남궁민배우 연기도 정말 최고예요!,0,0,0,0,0,0,0,0,0,1,0,0
김갑수와 김태리의 로맨스는 없는 거야 ? 김갑수 나이 되면 남자는 오로지 어리고 예쁜애 생각 뿐인데.,0,1,0,0,0,0,0,0,0,0,0,0
김건모너도한패그나물에그밥?미우새 그만나와김흥국 김창환 다니절친너도그러부류로보여,0,0,0,0,0,0,0,0,1,0,0,0
김건모씨!!!나중에 확인후에 악플달앗던 인간들 전부봐주지말고 신고해서 처벌하세요!!! 악플 다는것들 용서할 필요도없는 인간 쓰레기들입니다,0,0,0,0,0,0,0,0,0,1,0,0
김고연 진짜 이뿌고 한결같다.. ^^,0,0,0,0,0,0,0,0,0,1,0,0
김고은 기사 속 사진보고 왔는데.. . 훨씬 아름다우심 ^^,0,0,0,0,0,0,0,0,0,1,0,0
김구라 범죄자 모습같어,0,0,0,0,0,0,0,0,1,0,0,0
김구라 제일 싫다 저놈은 절대 그만둘놈 아니지,0,0,0,0,0,0,0,0,1,0,0,0
김구라도 이제 쫌 그만 나오면 좋겠다,0,0,0,0,0,0,0,0,1,0,0,0
김나영 발톱의 때만큼도 못사는것들이 불쌍하다고 응원한대 ㅋㅋㅋ 니들이 더 불쌍해 니들 시궁창 인생이나 좀 보살피렴 ㅋㅋ,0,0,0,0,0,0,0,0,1,0,0,0
김남주 닮고 싶습니다.존경합니다,0,0,0,0,0,0,0,0,0,1,0,0
김대중의 가장 악행 imf빌려놓고 국민한테 갚으라~,0,0,0,0,0,0,0,1,0,0,0,0
김동명은 뭔가 좀 부족한 느낌이다.목소리에 확 끌어당기는 그런 매력이 전혀 없다.박완규는 못생겼어도 목소리는 나름 매력이 있음.,0,0,0,0,0,0,0,0,1,0,0,0
김동준 연기 별로,0,0,0,0,0,0,0,0,1,0,0,0
김동현은 왜갔냐ㅋㅋ얼굴도장찍으러갔냐ㅋㅋㅋ 다른 유명한것들도 안갔는데ㅋㅋㅋ,0,0,0,0,0,0,0,0,1,0,0,0
김민경 지금도 입에 우걱우걱 음식 처 넣고있을 듯,0,0,0,0,0,0,0,0,1,0,0,0
김민규 송형준 이런애들은 실력에비해진짜 아닌듯폭망,0,0,0,0,0,0,0,0,1,0,0,0
김민희배우좋은대.. 응원해주고싶다,0,0,0,0,0,0,0,0,0,1,0,0
김민희씨 뒤돌아 보지 말고 늘 행복하세요,0,0,0,0,0,0,0,0,0,1,0,0
김밥집 아저씨 아줌마........... 애정표현은 집에가서 하시길 ㅡㅡ,0,0,0,0,0,0,0,0,1,0,0,0
김보라 얘는 이때까지 맡은 배역들보면 전부다 우울하고 비극적인 역할뿐이드라~~,0,0,0,0,0,0,0,0,1,0,0,0
김보라 이쁘네,0,0,0,0,0,0,0,0,0,1,0,0
김사랑 치료하는 의사는 부럽다..치료목적을 핑계로 골절된 다리도 매만질거 생각하니..쩝,0,0,0,0,0,0,0,0,1,0,0,0
김사랑은 진짜 사랑이다,0,0,0,0,0,0,0,0,0,1,0,0
김상교 성추행범아 술쳐먹고 그러면안돼,0,0,0,0,0,0,0,0,1,0,0,0
김새론 영입은 대단한거 같은데 듣보잡 한명은 뭐냐? ㅈ집 이라도 되나~~~~ 새론아 나와라 급떨어진다~~,0,0,0,0,0,0,0,0,1,0,0,0
김성구 마누라 엄청 을궈 먹는다 마누라 안죽었음 어쨌냐,0,0,0,0,0,0,0,0,1,0,0,0
김성재는 무슨 듣보잡인가요? 꼰대들 또 추억팔이 하는중?,0,0,0,0,0,0,0,0,1,0,0,0
김성주 꼴보기 싫어서 안봄,0,0,0,0,0,0,0,0,1,0,0,0
김성주 나가면 된다...박나래 환영,0,0,0,0,0,0,0,0,1,0,0,0
"김세정 옛날 얼굴이아닌데 혹, 성형했나요? 지연도 마찬가지고! 나이들어보이던데.. 원래얼굴들이 훨..",0,0,0,0,0,0,0,0,1,0,0,0
김수미 선생님이 정말 힙한 사람이다. 40년간 이렇게 종횡무진할수 있는 사람 별로없다.,0,0,0,0,0,0,0,0,0,1,0,0
"김수미가 시어머니면 피곤할텐데. 요리도 받쳐줘야 이쁨받지 아들타령할듯,",0,0,0,0,0,0,0,0,1,0,0,0
김수미씨짱✌✌보고있으면힐링두돼고 틀에박인 요리프로그램이랑 차이나요 구수한입담 정겨운 마음씨 옆집 화끈하고 시원스런 동네큰언니같아서 최고최고✌✌✌,0,0,0,0,0,0,0,0,0,1,0,0
김수민 대세 인증이네 ㅎㅎ 그리고 여적여는 만고의 진리,1,0,0,0,0,0,0,0,0,0,0,0
김숙씨 힘냅시다 유일하게 데뷔때 부터 좋아했던 개그우먼인데 ㅠㅠ삼가 고인의 명복을 빕니다,0,0,0,0,0,0,0,0,0,1,0,0
김승현 가족은 이제 그만 하차해도 될 듯..점점 이야기가 산으로 가..김성수 혜빈네 분량을 좀 더 늘리고..,0,0,0,0,0,0,0,0,1,0,0,0
김승현새신부가 대단한 여자야???살림남서 얼굴을 확실하게 안보여주냐???김승현 이집안 짤라라 !!!,0,0,0,0,0,0,0,0,1,0,0,0
김신영은 진짜 최고 개그맨임ㅋㅋㅋ,0,0,0,0,0,0,0,0,0,1,0,0
김옥빈이 연기 제일 잘한다,0,0,0,0,0,0,0,0,0,1,0,0
김우빈이 비인두암 아니었으면 벌써 해어졌을걸.,0,0,0,0,0,0,0,0,1,0,0,0
김원희 자식 없어서 그 흔한 제삿밥도 못 먹을 운이네 이번 생은 망했다 ㅋㅋㅋ,0,0,0,0,0,0,0,0,1,0,0,0
김원희는 왜 애를 않놓노 불임인가,0,0,0,0,0,0,0,0,1,0,0,0
김원희씨~테클걸려는건 아니지만 남편분께서 그렇게 하실지 의문이네요.그래도 본인아이 한 명은 있어야하지 않을까 생각되네요.,0,0,0,0,0,0,0,0,1,0,0,0
김유석이란 배우는 좋지만..어째 한참 연하 신랑인거 같은 느낌인데..적당한 연배를 좀 찾으시지..나이대가 너무 안 맞잖아요..,0,0,0,0,0,0,0,0,1,0,0,0
김윤경 얼굴볼때마다 진짜 어색해. 성형을 넘 과하게햇네. 유동근은 다림질로 얼굴피셧네,0,0,0,0,0,0,0,0,1,0,0,0
김인권은 왜케 늙어 보이냐? 50대줄 알았음,0,0,0,0,0,0,0,0,1,0,0,0
김재욱 너무 비호감이다 ㅠㅠ 다들 공감하실듯,0,0,0,0,0,0,0,0,1,0,0,0
김재중 존잘이더라 ㄷ ㄷ,0,0,0,0,0,0,0,0,0,1,0,0
김정은똥꾸녕핥는세끼들이 촛불들고 박근혜몰아낸뒤 실실 . . . . 문재앙좌빨세끼 김정은똥꾸녕향수맡고 실실 심상정좌빨세끼도 실실 ㅎㅎㅎ,0,0,0,0,0,0,0,1,0,0,0,0
김정현배우님 파이팅!!! 연기정말 잘하는 배우중 한분 영화 메소드 출연했던 오승훈배우님두 연기 정말잘하는데 두분 배우님 응원합니다!!!,0,0,0,0,0,0,0,0,0,1,0,0
김정훈 꽃뱀한테 물린느낌? 계획된 임신도 아니고 대체 뭘 책임지라는거지? 애를 빌미로 보증금 요구? 웃기는 짬뽕,0,0,0,0,0,0,0,0,0,0,0,1
김정훈 이후에는 전부 연기로 돈 벌기 위함으로밖에는 안보임...,0,0,0,0,0,0,0,0,1,0,0,0
김정훈은 안나왔으면 좋겠다 아무런 느낌이없다 돈벌러 나온 사람같다,0,0,0,0,0,0,0,0,1,0,0,0
김정훈이라 쓰고 쓰레기라고 읽는다,0,0,0,0,0,0,0,0,1,0,0,0
김제동 까는 넘들 찔리는게 있나벼 인생 똑바로 살면 찔리는일 읍다어린노무 시끼들,0,0,0,0,1,0,0,0,0,0,0,0
김제동 역겨워 저런인간이 7억 연봉 지나가는 개가웃을일..선동 꾼 시청룬 1프로로 부끄럽지도않냐? 7억이,0,0,0,0,0,0,0,0,1,0,0,0
김제동씨역쉬 입담 짱~~프로그램좀마니해주셈~~~,0,0,0,0,0,0,0,0,0,1,0,0
김종국 매니저 고만좀 깝쳐라. 니가 연예인이냐?,0,0,0,0,0,0,0,0,1,0,0,0
김종국 아빠 인생최대 행복했던 순간은 근육빵빵 아들내미 군대안갔을때? ㅎㅎ,0,0,0,0,0,0,0,0,1,0,0,0
김종국 이미지 세탁 미화 방송.,0,0,0,0,0,0,0,0,1,0,0,0
김종국 이제 점점 노잼 되가네,0,0,0,0,0,0,0,0,1,0,0,0
김종국 저 쪼잔한넘이랑 언년이 같이사냐? 방송이니까 좋게 포장하는거지 진짜 여자 피곤할거다 생긴건 모기 간신배같이 생겨가지고 허리아픈 등신일뿐 ㅋㅋㅋ,0,0,0,0,0,0,0,0,1,0,0,0
김종국 지금 아주 잘하고있어. 지금 계속 놀다가 45~7때 20살 어린 여자랑 결혼해야지 무슨 저런 30넘은 여자랑 결혼하겠냐? 딱 비즈니스지. 종국이형 20살 연하랑 결혼하면 (20대 여자들도 줄을 서겠지만) 인생 성-공,0,0,0,0,0,0,0,0,0,0,0,1
"김종국♡홍진영 한표! 언능 가세요! 김종국, 홍진영 말만 나오면 실검 1위다. 국민들도 바라는 커플인듯.",0,0,0,0,0,0,0,0,0,1,0,0
김종민같은 호구는 연애못해 ㅎㅎ 나쁜남자가 대세지 박력있게 주먹질도하고 돈도 빨아먹고 쌍욕해주면 여자들이 좋아하더라 ㅎㅎ주먹맛 못잊어서 술만취하면 전화오는 여자가 한둘이 아니다! 무조건 패라 두번 패라~!,1,0,0,0,0,0,0,0,0,0,0,0
김종민이 항상 저런식인거같다....,0,0,0,0,0,0,0,0,1,0,0,0
김주혁 전미선 두분은 왜케 쾡한 기분을 주는건지 다른사람관 달른느낌을줌..,0,0,0,0,0,0,0,0,1,0,0,0
김지석 얼굴길고 싸가지 없음 ㅇㅇ,0,0,0,0,0,0,0,0,1,0,0,0
김지원 20대 여배우중에 제일 좋아하는데 잘됐으면 좋겠다,0,0,0,0,0,0,0,0,0,1,0,0
김지원빼고 다른 배우들 다 발연기같음....,0,0,0,0,0,0,0,0,1,0,0,0
김지훈땜에 안보고 못보겠다 아까비,0,0,0,0,0,0,0,0,1,0,0,0
김충재는 왜!! 자꾸 나오는거야??나혼자산다 없애던지 출연진들을 싹 바꿔라 ㅜ더이상 우려낼게 없을거같다,0,0,0,0,0,0,0,0,1,0,0,0
김치-뇬들 난리났네요. 근데 꼴페미들도 연예인에 광분하나요?,1,0,0,0,0,0,0,0,0,0,0,0
김치남들 수준 심각하다 형아들 ~~ 정준영이 불쌍해? 안타까워? 그럼 애초에 성범죄짓을 안하면 됨 ^ ^,0,1,0,0,0,0,0,0,0,0,0,0
김치녀.한녀는 절대 가질수없는 몸무게지,1,0,0,0,0,0,0,0,0,0,0,0
김치녀들은 키 큰 남자만 보면 노릇노릇 좌궁 떨리노???,1,0,0,0,0,0,0,0,0,0,0,0
김치녀들의 워너비 아니냐 ㅋㅋㅋ 돈많은 남자랑 결혼하는거?ㅋㅋㅋ 그치만 니들 와꾸로는 안되는거알지??,1,0,0,0,0,0,0,0,0,0,0,0
김치년들 열폭!그러려니 하세요,1,0,0,0,0,0,0,0,0,0,0,0
김치년들이 문제야,1,0,0,0,0,0,0,0,0,0,0,0
김태리 넘 안이뻐....코도 낮고 좀 촌스럽게 생김...여주맞기엔 넘......왜이렇게 띄어주고 여기저기 나오지??,0,0,0,0,0,0,0,0,1,0,0,0
김태리 언니... 연기연습 좀 하세요 !!! 연기가 왜 그모양이에요?,0,0,0,0,0,0,0,0,1,0,0,0
김태리 연기 왜이리못함 ??,0,0,0,0,0,0,0,0,1,0,0,0
김태리 촌스럽게생김 . 피부 좀 흰 베트남 처녀같어,0,0,0,0,0,0,0,0,1,0,0,0
김태링 위사진표정귀엽다..,0,0,0,0,0,0,0,0,0,1,0,0
"김태호는 유재석 뒤에 숨지말고,,,,,탈세에 대해 입장표명 해라",0,0,0,0,0,0,0,0,1,0,0,0
김태호도 감이 떨어진게 유재석은 패널들에 얹혀가는 자가발전안되는 십거품인데 또 유거품을 썼다는거. 거기다 유재석새기 지랑 맞는다 생각하는 양배추랑 또하는데 둘다 그냥 처망한거지. 양배추는 상승세에 잘못 줄서서 추락을 맛볼거구,0,0,0,0,0,0,0,0,1,0,0,0
김태희 서울대 미대 정도 가지고 윤소희한테 상대가 안되지 설대도 설대 나름인데 정말 똑똑했네,0,0,0,0,0,0,0,0,0,0,0,1
김태희도 십년전엔 서울대출신 발연기에 땅꼬마라고 가루가되도록 까였었지 ㅋ 비랑 결혼하고 급호감케이스로 바뀐거지 그때까지는 안티가 더많았음 윤소희도 똑같은 루트로 까이네 ㅋ,0,0,0,0,0,0,0,0,1,0,0,0
김태희동생이 결혼하는구나 그런데 일반인 결혼을. 우리가 알아야하나?,0,0,0,0,0,0,0,0,1,0,0,0
김태희이년도 남자보는눈깔은없어! 이시언급이랑 결혼이라니!,1,0,0,0,0,0,0,0,0,0,0,0
김포맘들 우루루몰려가서깽판친거랑 같네 ㄷㄷㄷㄷㄷㄷㄷ,1,0,0,0,0,0,0,0,0,0,0,0
김해숙 눈빛 너무 악이 서려있고 얼굴 너무 징그러 그래서 시러,0,0,0,0,0,0,0,0,1,0,0,0
"김현주, 손예진 자연스런 미모에다가 연기력까지 갖춘 몇안되는 배우.",0,0,0,0,0,0,0,0,0,1,0,0
김혜준 귀여워 댕댕이같아 축하해!,0,0,0,0,0,0,0,0,0,1,0,0
김혜준 배우님 대세는 백합때부터 꼭 뜰거라고 생각했었어요ㅠㅠㅠㅠㅠㅠㅠ축하드려요!!!!,0,0,0,0,0,0,0,0,0,1,0,0
김흥국 아직 살아있네 조문도가고 쪽팔려서 길거리 다니겠는가 암튼 다음생에는 바람끼 같은거 하지맙시다,0,0,0,0,0,0,0,0,1,0,0,0
김흥국 어휴 바보냐?: 신고도 못할 정도로 쥐어패야지ㅋㅋㅋㅋ 어중간하게 패면 요즘것들 다 신고하니까 때릴꺼면 개패듯이 ㅈㄴ 패라 그럼 아침밥상부터 달라진다,1,0,0,0,0,0,0,0,0,0,0,0
김흥국ㅡ 1959-2018,0,0,0,0,0,0,0,0,1,0,0,0
김희선 연기 계속햇음함,0,0,0,0,0,0,0,0,0,1,0,0
"김희선, 연기 안 돼.",0,0,0,0,0,0,0,0,1,0,0,0
김희선‥넘 이쁘고 연기도잘하는배우‥대박나길,0,0,0,0,0,0,0,0,0,1,0,0
김희애 연기 너무못해,0,0,0,0,0,0,0,0,1,0,0,0
김희애도 나오는데 무조건 봐야지 실화니까..,0,0,0,0,0,0,0,0,0,1,0,0
김희철 공익새기,0,0,0,0,0,0,0,0,1,0,0,0
까다까다 별 짓거리들을 다하는군요.조국을 완전 벌거숭이를 만드는과정~어쨌든 청문회를 걸쳐야 진위가 밝혀지겠네요,0,0,0,0,0,0,0,1,0,0,0,0
깨끗하게 마무리해라..더티하게 뭐하는짓이야~애들이 커서 이내용을 알면 참 잘했어요 하겠다~~,0,0,0,0,0,0,0,0,1,0,0,0
꺼져 죽어,0,0,0,0,0,0,0,0,1,0,0,0
꼬리자르기 지리네....연예인놈들 뽕맞은것보다 북한이랑 국개의원놈들 뉴스나 올려라...,0,0,0,0,0,0,0,0,1,0,0,0
꼭 그렇게 수술장면을 보여줘야하나요? 너무 불필요하게 적나라한 수술장면이 나오는거같네요,0,0,0,0,0,0,0,0,1,0,0,0
꼭 둘이 잘되길~~~~좋은소식 목빠지게 기다리고있습니다~^^,0,0,0,0,0,0,0,0,0,1,0,0
꼭 저렇게 티를내요. 야밤에 수영복입고 뭔짓이래~~ 전현무도 같이 찍어서 올리고 서로좋아요! 도 눌러주고 방송에서도 티팍팍내고다니면서 프로그램 변질시키고 다녀야제~ 밉상커플들아!,0,0,0,0,0,0,0,0,1,0,0,0
꼭 키작고 늙은 쌍폐남들이 주제파악 못하고 저런말 짓거리더라 ㅋㅋ,0,0,0,0,0,0,0,0,1,0,0,0
꼰대임?! 자격지심 쩐다 정말.,0,0,0,0,1,0,0,0,0,0,0,0
꼴값들하고 개나소나 승무원 좋아하네,0,0,0,0,0,0,0,0,1,0,0,0
꼴값을 하는구나 생긴대로 좋은일 많이 하는사람 도와는 못할망정,0,0,0,0,0,0,0,0,1,0,0,0
꼴까지않은게 졸 나대네,0,0,0,0,0,0,0,0,1,0,0,0
꼴깝 박수칠때 떠나야지 뻐기네,0,0,0,0,0,0,0,0,1,0,0,0
꼴깝을 떨고있네.ㅋ,0,0,0,0,0,0,0,0,1,0,0,0
"꼴랑 이백 ,삼백?너무 한거 아녀?이억,삼억 해도 모자랄판인데!",0,0,0,0,0,0,0,0,1,0,0,0
꼴뵈기 싫은 인간. 극비호감,0,0,0,0,0,0,0,0,1,0,0,0
꼴에 여자 가리는 거야미나가 과분해서 안 어울렸지만핑계를 대도 바빠서 ㆍ 찌질하기는 ~~수준에 맞는 여자 있으려나가식적인 넘,0,0,0,0,0,0,0,0,1,0,0,0
꽃뱀 천지로구나. 정권이 바껴야 좀 잠잠해질라나???,1,0,0,0,0,0,0,0,0,0,0,0
꽃뱀들 본보기로 처형해라,1,0,0,0,0,0,0,0,0,0,0,0
꾸준하게 비추누른분들 누구 팬들인지 아주 티나죠...ㅋㅋㅋ,0,0,0,0,0,0,0,0,0,0,0,1
꿀잼 ㅠㅠ,0,0,0,0,0,0,0,0,0,1,0,0
꿀잼 아이유 연기 꿀잼,0,0,0,0,0,0,0,0,0,1,0,0
끝까지 가봐야 앎.....피해자(라고 주장하시는 분) 입장에선 기분 나쁘시겠지만 막판가서 뒤집어진 사례가 근래 꽤 있었어서 모르겠음,0,0,0,0,0,0,0,0,0,0,0,1
끝났네 일본애들도 이제 일본으로 가라,0,0,0,1,0,0,0,0,0,0,0,0
끝내 극복을 못하구나 ㅎ 숨고 넘기는게 능사는 아닌데. 말 못하면 더 하려고 시도해야 늘지 ㅋ 첨에 티비출연한 의도가 딱 가게 홍보였나보다 ㅎ 소심하고 비굴한 사람이 용기냈네,0,0,0,0,0,0,0,0,1,0,0,0
나 같으면 이런 집에 시집 안 보낸다,0,0,0,0,0,0,0,0,1,0,0,0
나 같으면 입 찢어버렸다!,0,0,0,0,0,0,0,0,1,0,0,0
나 남잔데 이런애들 정말 질떨어져보여서 극혐이야 .. 적당히해 눈버리고 더러우니까. 창.11녀야 뭐야? 여자답게 갖춰서 입고다녀 좀. 홀랑 벗어재낄만큼 돈이 궁하니? 언니가 좀줘?,1,0,0,0,0,0,0,0,0,0,0,0
"나 너무 옛날 사람인가봄..ㅠ아기 셋 낳은 사람으로서,,임산부가 배내놓고 있는거 쫌~;;;가서 천이라도 덮어주고 싶은 마음..아기 가진 배는 따뜻해야 하는뎅,,",0,0,0,0,0,0,0,0,1,0,0,0
나 왜이러지..오달수는 너무 아깝다...한국영화에 너무 아까운 인재가 폭망하는 꼴을..두눈뜨고 못보겄다..나또한 팬중에 팬이었는데.. 한순간의 잘못된 행동.. 과거라지만 그 사실을... 어찌 돌릴껴.... 아이고.,0,0,0,0,0,0,0,0,0,0,0,1
나 이런 댓글 안달고 싶은데..그럼에도 불구하고...이태임씨 결혼하고 애낳고 잘 살다가 어느날 불현듯 나 이혼했어요..라며 다시 나오실듯...이라는 생각이 막 드는건 ..,0,0,0,0,0,0,0,0,1,0,0,0
나같아도 지울꺼같긴하다 나쁜놈,0,0,0,0,0,0,0,0,1,0,0,0
나경아 젖깐사진이나 인스타에 좀올려라 물좀빼게,0,0,0,0,0,0,0,0,1,0,0,0
나는 악플달려고왔는데 생각해보니깐 태국OOO들이 별걸로 다시비걸고 많이컸네진짜??,0,0,0,1,0,0,0,0,0,0,0,0
나는 오정연 이사람이 가장 이해안되고 나쁜사람같네ᆢ전남편이 공인인데 배려라곤 눈꼽만큼도없고,0,0,0,0,0,0,0,0,1,0,0,0
나는 이본인성 별루인듯.전에 토토가이후로 뜨고나서 겁나 건방져갖고 반응 안좋앗엇디..,0,0,0,0,0,0,0,0,1,0,0,0
나는 이서진이 가기싫은것 이미지땜시 가는것 같은 느낌이 왜들까.... 이중적인느낌,0,0,0,0,0,0,0,0,1,0,0,0
나는 재밌는데 ㅋㅋㅋㅋㅋㅋㅋ,0,0,0,0,0,0,0,0,0,1,0,0
나는쌈디가 더재밌던데,0,0,0,0,0,0,0,0,0,0,0,1
나도 14살 둘째되서 저 감정 알짛ㅎㅎㅎ내가 엄마 한테 하고 싶은말 예빈이가 대신 해줘고마워ㅎㅎ,0,0,0,0,0,0,0,0,0,1,0,0
나도 니 센터 고집할 때 황당함이 말로 표현이 안되더라,0,0,0,0,0,0,0,0,1,0,0,0
나도 마누라 바꾸고 싶다,1,0,0,0,0,0,0,0,0,0,0,0
나도 설리보면 천녀유혼의 임청하나 서기가 생각난다. 뭔가 애절하고 몽환적인 느낌이 나는 비쥬얼..,0,0,0,0,0,0,0,0,0,1,0,0
나도 저나이땐 살짜지면 43키로 나왓다. 저정도 키에. 무슨 자랑이라고 찍어서 올려,0,0,0,0,0,0,0,0,1,0,0,0
나도 현역이지만 남자들 찐따같다. 군부심은 안부려,0,1,0,0,0,0,0,0,0,0,0,0
나라가 썩었다.,0,0,0,0,0,0,0,1,0,0,0,0
나라가 점점 PC화 되간다 망조가 들엇누,1,0,0,0,0,0,0,0,0,0,0,0
나라버린 미국인 안궁금해,0,0,0,1,0,0,0,0,0,0,0,0
나라지키러간 군인 불러서 뭐하는 짓인지,0,0,0,0,0,0,0,0,1,0,0,0
나랑동갑에 결혼한 년도까지 똑같으네아직 좀더 살아도 되는 나이인데..부디 좋은곳으로 가시길...,0,0,0,0,0,0,0,0,0,1,0,0
나래가 차려놓은 밥상 전현무가 작년에 대상탔음.. 무큐리가 뭐가 잼있냐.. 전현무는 예능감은 없어...,0,0,0,0,0,0,0,0,1,0,0,0
나래랑 방송같이 하기 싫어서 하차하는 걸꺼야.유미가 투샷을 원치 않으니까,0,0,0,0,0,0,0,0,1,0,0,0
나래충 극혐이네. 댓글 성비봐라 ㅋㅋㅋ 무겁다 무거워,1,0,0,0,0,0,0,0,0,0,0,0
나르샤는 성형 할꺼면 조금만 하지 지금은 너무 많이 한거같아 부자연 스러워 아쉬움.ㅜㅜ,0,0,0,0,0,0,0,0,1,0,0,0
나만 결말 만족스럽나 중간에 고난과 역경 넘 많아서 하차할뻔했고 아리공주 때문에 꾸역꾸역 봤는데 결말 덕분에 띵작으로 기억할듯 ㅋㅋㅋㅋㅋ,0,0,0,0,0,0,0,0,0,1,0,0
나만 모르는건가..난 차은우가 누군지도 뭐하는 연예인인지도 모르고 첨봤는데 아이돌이 왜 골목식당 나오는건지 이해가 안가더라..,0,0,0,0,0,0,0,0,1,0,0,0
나만 보기불편함?,0,0,0,0,0,0,0,0,1,0,0,0
나만 이찬오가 이해되나? 세상에 얼마나 성격 쓰레기 같은 뇬들이 많은데.. 말싸움 잘못했다간 칼들고 설친다. 내가 수많은 사람을 만나봤지만.. 남자들은 보통 20%가 나쁜 새끼던데.. 여자는 20%만 봐줄만한 성격이더라,1,0,0,0,0,0,0,0,0,0,0,0
나머지도 물갈이 해야할듯. 다들 재미없고 늙고.,0,0,0,0,0,0,0,0,1,0,0,0
나보다 20살많은사람이 좋은가 ㅠ엄마랑나랑 21살차이인데 ㅠ,0,0,0,0,0,0,0,0,1,0,0,0
나뿐놈이네!!그케 안봤는데!!ㅆㅂ,0,0,0,0,0,0,0,0,1,0,0,0
나쁜놈인데!!근데 임신했다고 다 같이 살아야해? 한쪽은 원해도 한쪽은 싫을수 있자나 책임은 당연히 져야하는건 맞는데 같이 즐겨놓고 임신했으니 무조건 책임져라는건 아닌것같다 결혼약속을 했다면 모를까..,0,0,0,0,0,0,0,0,1,0,0,0
나오지좀 말아라 보기불편하다,0,0,0,0,0,0,0,0,1,0,0,0
나은?인가 쟤는 진짜 이쁜데 건후 쟤는 솔직히 진짜 못생김,0,0,0,0,0,0,0,0,0,0,0,1
나의아저씨 이작품도 엎어야해 아저씨 미화시켜나오겠지,0,1,0,0,0,0,0,0,0,0,0,0
나이 40 대 할마시들이 언제까지 추억을 되돌리며 살래? 그런 프로는 30 때 초반때 얼른 했어야 해ㅉ지 나이 처먹고 추하다 추해 ‼️‼️‼️‼️‼️,1,0,0,0,0,0,0,0,0,0,0,0
나이 먹으면서 점점 사악해 지는듯,0,0,0,0,0,0,0,0,1,0,0,0
나이 한참 들어보이던데 강타오빠하길래 깜놀했음.,0,0,0,0,0,0,0,0,1,0,0,0
나이50먹고 모하는건지,0,0,0,0,0,0,0,0,1,0,0,0
나이가 많지도 않은데 더럽게 사업하는건 어디서 배웠나... 양현석한테 배웠나?,0,0,0,0,0,0,0,0,1,0,0,0
나이가 어린 남편이자 '니가 ''니가' ㅠ 아~ 추자현씨 .. 홀랑 깬다 ..,1,0,0,0,0,0,0,0,0,0,0,0
나이값 못하는 비호감 아지매...ㅉㅉ,1,0,0,0,0,0,0,0,0,0,0,0
나이는 어린편이지만 작품을 선택하는 안목이 남다른 배우^^ 응원합니다♡,0,0,0,0,0,0,0,0,0,1,0,0
나이도 많이 쳐 먹은 늙은 송중기가 뭐가 순수함 ㅋㅋㅋㅋㅋㅋ 확실하지도 않는 찌라시 내용으로 또~ 여자 연예인 머리채만 오지게 쳐 잡죠~?,0,1,0,0,0,0,0,0,0,0,0,0
나이를 처먹어도 저건 왜 저따위로 사는지 원,0,0,0,0,1,0,0,0,0,0,0,0
나이먹고 어리고 잘나가는 남자랑 결혼하니까 질투하는 아줌마들 많네 ㅋㅋㅋ,1,0,0,0,0,0,0,0,0,0,0,0
나이먹고 왜저래;,0,0,0,0,1,0,0,0,0,0,0,0
나이조어린것들이 병이 왜캐많어 빠져갖고,0,0,0,0,1,0,0,0,0,0,0,0
나이차이 외모 이런거로 뭐라 하지마라 좀 ㅡ여자인 함소원이도 18살어린 남자만나 결혼햇고 키작고 뚱 뚱한 홍현희도 남편잘만나잘살 지 않냐 ㅋㅋㅋ외모비하 나이차이 가지고 악플ㄴㄴ 사랑에 는 나이 국경없나니 ㅡ,0,0,0,0,0,0,0,0,0,1,0,0
나이차이는 느껴지는데...요즘 백종원씨 너무 띄움.,0,0,0,0,0,0,0,0,0,0,1,0
나이쳐먹고 마블히어로즈인지 파워레인저인지 빨고있는 남자들 개한심해보임..,0,1,0,0,0,0,0,0,0,0,0,0
나코를 센터나 메보 줬으면 1등팀 됐을텐데. 왜 인기도는 생각안하고 실력으로만 밀고 갔는지 아쉽다.,0,0,0,0,0,0,0,0,0,0,0,1
나탈리포트만이 보인다 대박!~,0,0,0,0,0,0,0,0,0,1,0,0
"나혼산에 예쁜 여자만 나오면 욕처먹으니 결국 남은 고정 여자멤버가 박나래, 한혜진, 화사..... ㅜㅜ",1,0,0,0,0,0,0,0,0,0,0,0
나혼자 산다 보는사람 특) 약속없어서 혼자 방구석에서 나혼자 산다 보면서 낄낄대는 찐따 or 아싸,0,0,0,0,0,0,0,0,0,0,0,1
나혼자 산다가 모토인데 전현무가 지꾸 집에 찾아가잖아 하차하고 니네끼리 둘이서 산다 찍어,0,0,0,0,0,0,0,0,1,0,0,0
나혼자 산다에 미쳐서 현실 망각하는 아줌마들 너무 쌤통이다 ㅋㅋㅋㅋㅋㅋㅋ,1,0,0,0,0,0,0,0,0,0,0,0
나혼자산다 잼없어 안봄,0,0,0,0,0,0,0,0,1,0,0,0
나혼자산다로 좀 뜨더니 애가 싼티 팍팍나게 나오네 그딴식으로 돈벌어먹고 싶니,0,0,0,0,0,0,0,0,1,0,0,0
난 54키론데 66도 작을때가잇는데아무리바도 77도 작을듯한데~모지얼굴살만빠지고 배는 쪼금빠진것갓은데~웃긴다,0,0,0,0,0,0,0,0,0,0,0,1
난 mc몽 그리웠다!!!! 아직도 노래 듣고 그립다!!!!,0,0,0,0,0,0,0,0,0,1,0,0
난 기안 좋은데,0,0,0,0,0,0,0,0,0,1,0,0
"난 기안84 우끼던데. ㅋㅋ 엉뚱한데, 설마 실제로도 저렇게 개념없진 않겠지.ㅋㅋㅋㅋㅋㅋ 내 생각엔 설정인듯.",0,0,0,0,0,0,0,0,0,1,0,0
난 김민규보다 제일 못 하는게 김요한이라 생각하는데? 얼굴도 김민규보다 딸리고 근데 김요한 1위라는게 노답임 왜 뽑아주는지 이해 안됨,0,0,0,0,0,0,0,0,1,0,0,0
난 나라 지키러 군대간 거 억울하지도 않고 힘쎈 남자가 군대가는 게 당연하다고 생각한다 근데 여자들은 조금만 손해봐도 난리가 나는데 이게 개꼴보기 싫다,1,0,0,0,0,0,0,0,0,0,0,0
난 남자가 바람피워 이혼 그냥 생김세가 바람필거같어 아니면 참고 살던가,0,0,0,0,0,0,0,0,1,0,0,0
난 너무 재미있음송중기 눈빛 와 설렘~~~말타는거보고 외국 영화인줄~~~장동건 중후하고 분위기 있고 역시란 말이 절로 나온다~한류가 커져서 이런 퀄리티 드라마를 볼수 있는거에 감사한다~,0,0,0,0,0,0,0,0,0,1,0,0
난 네 기사가 싫다 그만 나와,0,0,0,0,0,0,0,0,1,0,0,0
난 니 얼굴 보면 ㅈ이 싸그라든다ㅡㅡ,0,0,0,0,0,0,0,0,1,0,0,0
난 무조건 강지환편,0,0,0,0,0,0,0,0,0,1,0,0
"난 붐 좋던데... 도박은 토니, 신혜성, 앤디, 이수근등 많이 있는데 유독 대중이 붐만 용서를 안 하는듯...",0,0,0,0,0,0,0,0,0,0,0,1
난 사투리쓰는남자 시름,0,0,0,0,0,1,0,0,0,0,0,0
난 산이 ㅈㄴ 응원한다,0,0,0,0,0,0,0,0,1,0,0,0
"난 소향보다 하현우, 하현우보다 손승연",0,0,0,0,0,0,0,0,0,0,0,1
난 솔직 정준영이 부럽다,0,0,0,0,0,0,0,0,0,0,0,1
난 솔직히 대한민국 여배우는 이정현이 탑인거같음 전도연도이 그다음이고 나머지는 솔직히 전부 쓰레기임 어디가서 배우라고 자랑하기도 모한 전부 챙녀들뿐임 ㅇㅈ?,1,0,0,0,0,0,0,0,0,0,0,0
난 얘 별로던데.. 뭔가 좀 이상해.,0,0,0,0,0,0,0,0,1,0,0,0
난 얘가 왜좋은지 모르겠음.. 너무 불호... 나혼자 산다 나온거 보고 더더더더더 불호,0,0,0,0,0,0,0,0,1,0,0,0
난 언니도 재미있구 둘이 티격태격 하는것도 재미있던데..왜들 그러냐,0,0,0,0,0,0,0,0,0,1,0,0
난 여잔데 모유비누반대함. 무엇보다 여성의 젖을 상품화한다는게 싫음. 여성의 신체는 왜 항상 상품화되어야하죠? 이시영언니도 반성했으면하네요.,1,0,0,0,0,0,0,0,0,0,0,0
난 오달수를 믿어요. 사과문이 가까라면 싸이코패스일것 같네요. 하지만 피해 여자분 얘기도 진짜라고 믿어줄수는 없네요. 서로 만나서 이야기를 해보심이 좋을 듯 하네요. 심리상담사 대동하고 말이죠.,0,0,0,0,0,0,0,0,0,0,0,1
난 왜 이들을 밉상이라고 하는 지 모르겠다 .유난을 떨든 보기에 밉상인 행동을 하든 피해를 주는 것도 아닌데 왜들 발끈하는지... !!!개인 sns에 이 정도 글과 사진은 남길 수 있는거 아닌가...,0,0,0,0,0,0,0,0,0,1,0,0
난 왜 이렇게 사람을 죽여가는 드라마를쓰는지눈물도 안 나오고 헛웃음만 시간아깝다김소연 최명길연기만 보려고 했는데 오늘로땡,0,0,0,0,0,0,0,0,1,0,0,0
난 왜 이혁이랑 이엘리야가 잘됐음 좋겠지?ㅜㅜ 항상 결말에는 망할걸 알아서 그런지 드라마보면 악역이 불쌍하게 느껴지고 응원하게 됨ㅜㅜ,0,0,0,0,0,0,0,0,0,1,0,0
난 이 배우만 보면 우리 엄마가 생각나더라... 볼때마다 슬퍼진다.,0,0,0,0,0,0,0,0,0,1,0,0
난 이국주 좋던뎅...ㅎㅎ,0,0,0,0,0,0,0,0,0,1,0,0
난 이번에 나온 셋 다 전혀 이쁜거 모르겠음...셋 다 전혀 내 스타일 아님,0,0,0,0,0,0,0,0,1,0,0,0
난 재밌던데 스토리 구성도 탄탄하고,0,0,0,0,0,0,0,0,0,1,0,0
난 저껌둥이를 엄청 싫어하지만 돈주고 하는것도 죄가된다면 우리나라 남자 80프로는 다잡아가라 돈주고 안해본 사람이 어딨냐 글고 돈죽고하면 당연히 사가시 해주는거지,0,1,0,0,0,0,0,0,0,0,0,0
난 절대로 브래드피트랑은 안논다 @.@,0,0,0,0,0,0,0,0,1,0,0,0
난 정은태 편.. 황동주 짜증나는 인물. ㅉ,0,0,0,0,0,0,0,0,0,0,1,0
난 정인선 30대 중후반으로 봤는데 91년생 .....어이가 없내 81년생 아니냐?,0,0,0,0,0,0,0,0,1,0,0,0
난 진짜 나이많은 사람이랑은 못 살 것같아...아무리 돈많아도..,0,0,0,0,1,0,0,0,0,0,0,0
난 진짜 내가 여자였다면 남자가 돈이 1조가 있더라도 나보다 작은 남자랑은 안사귐,0,1,0,0,0,0,0,0,0,0,0,0
난 첨부터 예원 응원했음~ 예원 응원하는 사람들 많으니까 화이팅!! (악플다는애들은 소수고 인생낭비자들이니 신경쓰지마삼),0,0,0,0,0,0,0,0,0,1,0,0
난 통역도 힘들겠다 싶었는데? 김선수가 답답한 일이 많았는지 말투에 짜증이 있었음. 그나마 금방 잊어버리고 기분푸는 스타일이고 친해지면 더 잘 챙길 것 같았음,0,0,0,0,0,0,0,0,1,0,0,0
난 하나도 안 이쁜데.. 넘 이쁜척 나오는거 아닌가? 빨리 맞는 배역을 찾기를...,0,0,0,0,0,0,0,0,1,0,0,0
난 한녀 왜만나는지 노이해...하 진심 일본여자가 진짜 최고아니겟냐...,1,0,0,0,0,0,0,0,0,0,0,0
난 함소원좋아,0,0,0,0,0,0,0,0,0,1,0,0
난... 저 너머 그게 보이네. 다음협찬은 탈모가 아닐까 조심스럽게 예상해본다,0,0,0,0,0,0,0,0,1,0,0,0
난개를좋아하지도않고 보신탕도먹는건아니지만 애견인들은 보신탕먹는사람들에게서 살인자같은 느낌받을까?,0,0,0,0,0,0,0,0,0,0,0,1
난그래도 이태임 좋아,0,0,0,0,0,0,0,0,0,1,0,0
난민같음 ㅋㅋㅋㅋ,0,0,0,0,0,0,0,0,1,0,0,0
난시청률 상관 없다 잘나오건 못나오건 뭔 상관우리 혜교님 보는것만으로 그저 행복 언제 또 볼지 모르는데 열심히 봐야지 얼굴도 이쁘고 연기도 잘하고 역시 믿보배,0,0,0,0,0,0,0,0,0,1,0,0
난안본다 관심이없다 일박이일 좀 끝내라 사람이 그만둘때도 알어야하는데 에구다,0,0,0,0,0,0,0,0,1,0,0,0
난임으루 고생하던 사람들도 아닌데 뭔 감동이라고 억지로 저러는지 그냥 자기들 임신이 좋은거지,0,0,0,0,0,0,0,0,1,0,0,0
"난쟁이 똥자루야 안희ㅈ,미투 패러디 안하냐콧수염 다뽑아뿌까",1,0,0,0,0,0,0,0,0,0,0,0
난파선 잘 탈출했네. 근데 민아도 aoa에서 영 존재감이 없어서 다른쪽으로 잘 될련지 모르겠다. 이참에 맘 잡고 공부해서 취직이나 하자.,0,0,0,0,0,0,0,0,1,0,0,0
날 덥쳐줘ㅎ. 오늘 여자들 마음,1,0,0,0,0,0,0,0,0,0,0,0
남 까는게 일생이구나,0,0,0,0,0,0,0,1,0,0,0,0
남 보란듯이 행복하게 사시길,0,0,0,0,0,0,0,0,0,1,0,0
남 연애사 신경 안쓰고싶은데둘이 사귀는줄 아는데 대놓고 안보고 무시하니깐 시청자 입장에서 짜증나는거지우린 단순히 프로그램을 보고싶은거지 지들 냉랭한 분위기 볼려고 티비 보는거 아니잖아적당히 해라,0,0,0,0,0,0,0,0,1,0,0,0
남 인스타가서 퍼와서ㅈ기사 올린 기레기를 탓해라 보도자료 뿌린것도 아닌데 왜 엄한사람한테 지럴들이니,0,0,0,0,0,0,0,0,1,0,0,0
남궁민 때문에 보는 드라마,0,0,0,0,0,0,0,0,1,0,0,0
남궁민 연기 짱이네요 몰입도 최고,0,0,0,0,0,0,0,0,0,1,0,0
남궁민 오정세 연기 어마어마하네 정말3부로 나눈게 크게 불편한가? ㅋㅋ 오줌싸고물마시고 좋던데그게 몰입도가 방해되면 일상생활이 불가능한거아니냐 ㅋㅋ,0,0,0,0,0,0,0,0,0,1,0,0
남궁민 존잘에 연기신인데 피지컬이 넘 아쉽,0,0,0,0,0,0,0,0,1,0,0,0
남규리 너무 예쁘다,0,0,0,0,0,0,0,0,0,1,0,0
남규리 아이린너무닮았다 이제보니 자매같다 너무 사랑스럽다,0,0,0,0,0,0,0,0,0,1,0,0
남녀 미모 ㄷ ㄷ,0,0,0,0,0,0,0,0,0,1,0,0
남녀 성비율봐라 ㅋㅋ 30대~40대여자들 댓글이 대부분 ㅋㅋ 맨날 막장드라마에 재벌과 평민여자의 로맨스 드라마만 처보다가 이런 드라마 보니 대가리 텅텅빈 3~40대 맘충년들은 당연히 이해가 안가지 ㅋㅋ,1,0,0,0,0,0,0,0,0,0,0,0
남녀 주인공이 실제 연인처럼 너무 잘 어울려요,0,0,0,0,0,0,0,0,0,1,0,0
남녀간 섹스할때 구강성교는 기본옵션으로붙는 애무인데 무슨수치심까지야 기본섹스순서에도 들어갈 아주기본적인항목인데,0,0,0,0,0,0,0,0,0,0,0,1
남녀는 평등하다,0,0,0,0,0,0,0,0,0,0,0,1
남녀바뀌었으면 마스크 쿵쾅이들 떡밥 생겼다면서 우르를르르 몰려오겠짘ㅋㅋㅋㅋㅋㅋㅋㅋㅋㅋㅋㅋㄹㅇ,1,0,0,0,0,0,0,0,0,0,0,0
남들 다가는 군대 ㅈㄴ시끄럽네ㅠㅋㅋㅋㅋㅋ,0,0,0,0,0,0,0,0,1,0,0,0
남들 다가는 군대~~~~~~,0,0,0,0,0,0,0,0,1,0,0,0
"남들과 다른 통장들고, 사생활은 평범하고 싶다....연예인으로 살겠다고 마음먹고 연습생 시작한 그순간부터 평범한 삶은 포기해야겠다는 생각 못해봤나요?",0,0,0,0,0,0,0,0,1,0,0,0
"남은 멤버도 한 명 빼곤 뭐 ㅋㅋㅋㅋㅋㅋㅋㅋㅋ 한 명은 대학교 일에다, 한 명은 명품시계구걸 삽질한번씩햇잖아? ㅋㅋㅋㅋㅋㅋㅋ 씨엔블루 그냥.. 망테크짘ㅋㅋㅋㅋㅋ",0,0,0,0,0,0,0,0,1,0,0,0
남의 눈치 때문에 스스로 선택과 책임지지 못한 마음이 불행한 사람들의 표현에 괴로워 할 필요 없어요. 에로스도 엄연히 예술이고 인간의 당연한 본능입니다. 그것에 특화된 국가도 있지만 우리나라는 평균이에요. 자부심 가지세요!,0,0,0,0,0,0,0,0,0,1,0,0
남의 말 신경쓰지 말고 잘사세요~~,0,0,0,0,0,0,0,0,0,1,0,0
남의 양치를 왜 해주고 지랄이지 건장한 사내를 친형제도 그렇게는 안해 게이처럼 개 역겨워,0,0,0,0,0,0,0,0,1,0,0,0
남의 인생에 그렇게도 관심이 많냐 젊은 청춘들한테 일어날수 있는 문제다 걍 냅둬라,0,0,0,0,0,0,0,0,0,1,0,0
남의 일에는 신경안써' 하고 쿨한척 하던 인간들. 강남한테는 악플 쓰고 있음ㅋㅋㅋ 뭐 같은 놈들,0,0,0,0,0,0,0,0,1,0,0,0
남이 억울하게 할때마다 sns에 올리다보면 인생어찌사나 참 아나운서까지 됐다면서 이미지 생각 같은건 안하는구만,0,0,0,0,0,0,0,0,1,0,0,0
남이사 성형을 하던 지럴을 하던 무슨 상관입니까 본인들이나 잘 챙기세요 저 배우 생활비를 직접 주는것도 아니고 가족도 아니고 앞으로 평생 책임질 사람도 아닌데 뭔 그리 남의 얼굴 가지고 배나라 감나라 들인지 쯧쯧,0,0,0,0,0,0,0,0,1,0,0,0
남이사 성형을 하든말든~~ 자기얼굴 자기가 고치겠다는데 배놔라 감놔라 말들이 많아 니돈 으로 하겠다냐??,0,0,0,0,0,0,0,0,1,0,0,0
남이사 애가 있든 말든 뭔 상관인데ㅋㅋ 이런 나라에서 애 낳고 싶냐? 난 절대 안 낳을거다.,0,0,0,0,0,0,0,0,1,0,0,0
남자 ㅈㄴ 못생김 만들어지디 만거같이생김 ㅋㅋ,0,0,0,0,0,0,0,0,1,0,0,0
남자 어디 아파서 약 먹나 눈동자 초점이 없던데,0,0,0,0,0,0,0,0,1,0,0,0
남자 주인공이 이정재였으면 어땠을까...,0,0,0,0,0,0,0,0,0,0,0,1
남자 하나 잘 물은 에이급 술집언니같아. 나두 진심으로 키가 컸으면 호스트하겠다. 얼굴은 마츠모토준 황찬성 닮았다고들 그러네.,1,0,0,0,0,0,0,0,0,0,0,0
남자가 능력도 없어보이던데애를 셋이나율희는 그 나이에 30넘은 아줌마 삘이네,0,0,0,0,0,0,0,0,1,0,0,0
남자가 돈이많구나?ㅋㅋㅋ,0,0,0,0,0,0,0,1,0,0,0,0
남자가 딴여자좀 만날수있지 존나 참견질이네.,0,0,0,0,0,0,0,0,0,0,0,1
남자가 바람좀 필수도있지 매일 집밥만먹나 주기적으로 외식도하고 그러는거지 재결합해줘라,0,0,0,0,0,0,0,0,0,0,0,1
남자가 사회 생활하다 보면 손이 스칠수도 있는거지 거참~~,0,0,0,0,0,0,0,0,0,0,0,1
"남자가 왜 저람~~,,ㅉㅉ",0,1,0,0,0,0,0,0,0,0,0,0
남자가 젊은여자보면 좀 만지고싶고 하고싶고 그런거지 하여튼 세상 참,0,0,0,0,0,0,0,0,0,0,0,1
남자가 참 못났다.,0,1,0,0,0,0,0,0,0,0,0,0
남자가수 엠씨 연기자할꺼없이 도박하고 성매매하고 마약에 음주뺑소니 해도 잘만나오는데 왜 유독 슈한테만 그럼?,0,1,0,0,0,0,0,0,0,0,0,0
남자는 무조건 10살이상 연하를 만나라는게 또 다시 증명,1,0,0,0,0,0,0,0,0,0,0,0
남자는 어릴수록 단단하니 맛있음. 25살 넘으면 철지난 크리스마스 케잌처럼 흐물거리기 시작,0,1,0,0,0,0,0,0,0,0,0,0
남자는 축하하는데 여자는 비아냥거리기만 하네 ㅋㅋ 어따 비교를 하냐 니들과 저세상 사람인데 ㅋㅋ,1,0,0,0,0,0,0,0,0,0,0,0
남자들 열폭 심하네요ᆞ여자들 눈에는 알베르토 그냥 잘생기고 멋있고 능력있고 인성 좋고 똑똑한 남자로 보임^^,0,1,0,0,0,0,0,0,0,0,0,0
남자들은 왜케 어린 여자에 집착할까,0,1,0,0,0,0,0,0,0,0,0,0
남자들은 자기보다 잘난 남자 연옌들 깔껀 군대밖에 없나보다.,0,1,0,0,0,0,0,0,0,0,0,0
남자들이 불쌍하다 미투니뭐니 나라가 미쳤구나,1,0,0,0,0,0,0,0,0,0,0,0
남자란 동물인가?그렇게 진솔.순수해보이고 진지해 보였는데.정말 제어가 안대는건인가 ㅜㅜ이사람만큼은 ㅜㅜ사람인줄 알앗네요참 알수가없네요믿기지도 않넫·,0,1,0,0,0,0,0,0,0,0,0,0
남자만 조사하지 말고 여자도 물이 얼마나 나왔는지 조사해라 물이 많이 나오면 흥분한거고 그건 동의한거다,1,0,0,0,0,0,0,0,0,0,0,0
남자배우가에러네..왤케 남자배우캐스팅을못 함,0,0,0,0,0,0,0,0,1,0,0,0
남자집에 왜 갔냐는 한남들 논리 = 남자들은 항상 여자 강간할 마음이 있다 ㅋㅋ 한남들 수준 잘 ~~ 봤습니다.,0,1,0,0,0,0,0,0,0,0,0,0
남주 붐 맞죠? 코수술 티 제법 나네 ㅎㄷㄷ,0,0,0,0,0,0,0,0,1,0,0,0
남주가 하필 쟤냐..똑같은 목소리에 똑같은 연기밖에 못하는데....,0,0,0,0,0,0,0,0,1,0,0,0
남주여주가.. 밍숭맹숭한데..,0,0,0,0,0,0,0,0,1,0,0,0
남주여주들은 뭐햤냐 ㅅㅂ,0,0,0,0,0,0,0,0,1,0,0,0
남주혁이나 계속하지 못생긴 박서준은 왜불러ㅡㅡ,0,0,0,0,0,0,0,0,0,0,0,1
남태현 성격 싸가지에 어른공경 할줄모르고 여자들 가지고 놀고 yg가 좋아할만한건 거의 다 가졌는데,0,0,0,0,0,0,0,0,1,0,0,0
"남태현의 성기는 미워해도, 국민들을 감동시킨 그의 국보급 성대는 미워하면 안되죠?",0,0,0,0,0,0,0,0,1,0,0,0
남편돈으로 호의호식 ㄷㄷ 취집 잘한 케이스,1,0,0,0,0,0,0,0,0,0,0,0
남편손절하면 섭외들어올꺼같지? 당신은 끝났어 배우자한테도 의리 못지키는사람을 누가써?이기적인...,0,0,0,0,0,0,0,0,1,0,0,0
남편은 용서해도 아내는 용서못하겠다 남편 신경좀 써주지는 하여간;,1,0,0,0,0,0,0,0,0,0,0,0
"남편은 잘못했고 법의 심판을 받아야하지만, 그렇다고 이혼을? 진심 부부라면 죄값을 치르고 사람답게 살 수있도록 옆에 있어줘야하는거 아닐까? 애정없는 비즈니스 관계였나?",0,0,0,0,0,0,0,0,0,0,0,1
남편이 문재앙 맞지?,0,0,0,0,0,0,0,1,0,0,0,0
